id,date,runtime,temperature,equipment_id,vibration,pressure,humidity,current_value,voltage,label
2839,2026-06-04 19:45:57.000000,1032.46,55.17,158,7.49,3.07,79.38,33.63,423.62,RISQUE
2840,2026-06-04 19:45:57.000000,565.4,71.22,184,7.68,5.86,63.58,34.04,413.51,RISQUE
2841,2026-06-04 19:45:57.000000,2188.44,95.45,167,4.97,5.98,59.37,12.95,419.63,RISQUE
2842,2026-06-04 19:45:57.000000,3205.92,61.44,168,9.02,6.01,48.4,16.3,412.63,RISQUE
2843,2026-06-04 19:45:57.000000,2357.73,81.82,169,8.23,3.28,78.48,23.73,426.92,PANNE
2844,2026-06-04 19:45:57.000000,2202.62,87.94,157,6.46,4.64,71.89,55.47,397.13,PANNE
2845,2026-06-04 19:45:57.000000,1659.57,72.07,179,5.27,4.39,78.41,40.02,404.9,OK
2846,2026-06-04 19:45:57.000000,753.01,79.96,183,4.24,6.34,34.2,47.23,400.75,OK
2847,2026-06-04 19:45:57.000000,2642.63,137.97,175,7.23,4.37,41.96,38.74,386.58,PANNE
2848,2026-06-04 19:45:57.000000,550.28,47.18,173,5.46,5.39,75.14,46.39,392.94,OK
2849,2026-06-04 19:45:57.000000,699.95,84.33,158,6.84,3.09,32.45,37.46,407.42,RISQUE
2850,2026-06-04 19:45:57.000000,1204.17,99.74,159,2.12,3.78,38.44,41.88,415.95,RISQUE
2851,2026-06-04 19:45:57.000000,3074.35,86.93,166,2.52,5.42,70.09,24.32,395.68,RISQUE
2852,2026-06-04 19:45:57.000000,2836.24,45.15,171,5.07,3.0,58.92,50.36,405.38,OK
2853,2026-06-04 19:45:57.000000,1911.38,97.37,168,7.47,3.63,53.13,57.54,405.87,PANNE
2854,2026-06-04 19:45:57.000000,1842.52,94.31,174,0.91,2.56,47.47,15.86,412.75,OK
2855,2026-06-04 19:45:57.000000,1574.68,58.5,185,4.04,6.71,60.22,44.49,426.29,OK
2856,2026-06-04 19:45:57.000000,1380.65,79.46,166,5.09,5.31,77.04,56.72,389.2,OK
2857,2026-06-04 19:45:57.000000,3142.41,71.44,160,0.46,4.93,77.78,21.08,413.13,OK
2858,2026-06-04 19:45:57.000000,3234.25,68.56,158,4.15,3.71,57.72,24.28,372.5,OK
2859,2026-06-04 19:45:57.000000,566.99,88.1,173,8.96,4.07,52.86,43.17,380.45,RISQUE
2860,2026-06-04 19:45:57.000000,2325.2,73.66,177,5.17,5.8,45.17,59.06,378.85,OK
2861,2026-06-04 19:45:57.000000,1181.97,102.61,170,9.41,2.11,47.29,28.74,370.55,PANNE
2862,2026-06-04 19:45:57.000000,540.98,109.24,165,3.75,6.17,32.84,46.66,401.45,RISQUE
2863,2026-06-04 19:45:57.000000,2645.15,75.94,159,8.8,3.27,68.08,30.44,378.39,RISQUE
2864,2026-06-04 19:45:57.000000,3070.48,42.28,175,1.13,6.98,68.65,21.52,383.15,OK
2865,2026-06-04 19:45:57.000000,2638.57,79.83,168,5.77,5.73,89.83,47.46,415.28,OK
2866,2026-06-04 19:45:57.000000,2052.1,60.45,167,0.53,5.56,54.24,54.12,381.98,OK
2867,2026-06-04 19:45:57.000000,573.78,110.05,186,3.69,5.87,75.42,33.3,373.51,RISQUE
2868,2026-06-04 19:45:57.000000,2277.72,89.06,172,6.04,3.22,54.41,25.13,387.51,PANNE
2869,2026-06-04 19:45:57.000000,2051.25,64.78,183,7.27,2.42,44.14,56.41,426.08,RISQUE
2870,2026-06-04 19:45:57.000000,1244.54,72.58,170,7.98,3.22,79.55,29.88,400.65,RISQUE
2871,2026-06-04 19:45:57.000000,1406.92,50.84,168,6.98,4.93,79.82,29.82,399.46,RISQUE
2872,2026-06-04 19:45:57.000000,1726.14,128.36,181,9.17,3.79,32.36,16.12,399.68,PANNE
2873,2026-06-04 19:45:57.000000,1846.93,89.88,182,7.62,4.32,32.07,48.98,417.66,RISQUE
2874,2026-06-04 19:45:57.000000,1654.24,40.41,169,8.93,3.56,82.95,33.74,413.6,RISQUE
2875,2026-06-04 19:45:57.000000,1129.52,65.6,183,1.29,2.08,71.33,29.95,425.69,OK
2876,2026-06-04 19:45:57.000000,1503.04,67.46,164,6.12,2.29,56.96,13.78,371.81,RISQUE
2877,2026-06-04 19:45:57.000000,996.37,69.01,180,6.52,5.81,81.36,59.65,393.82,RISQUE
2878,2026-06-04 19:45:57.000000,3293.06,96.03,185,2.5,4.29,62.32,25.99,428.97,PANNE
2879,2026-06-04 19:45:57.000000,2391.94,44.87,184,7.88,2.24,82.61,21.99,404.11,RISQUE
2880,2026-06-04 19:45:57.000000,2250.42,85.24,173,1.32,6.54,38.51,59.38,400.75,RISQUE
2881,2026-06-04 19:45:57.000000,2843.28,41.52,170,7.91,5.06,71.27,40.13,426.94,RISQUE
2882,2026-06-04 19:45:57.000000,1706.94,83.52,157,4.84,3.05,66.16,29.07,375.93,OK
2883,2026-06-04 19:45:57.000000,2455.56,40.2,159,2.44,3.33,66.04,20.14,382.7,OK
2884,2026-06-04 19:45:57.000000,2392.77,66.66,187,1.55,6.42,87.33,16.21,415.29,OK
2885,2026-06-04 19:45:57.000000,740.42,46.13,160,9.41,4.33,60.32,16.46,377.83,RISQUE
2886,2026-06-04 19:45:57.000000,2555.97,77.19,167,6.38,2.66,74.87,27.12,398.14,RISQUE
2887,2026-06-04 19:45:57.000000,1092.08,73.02,184,5.1,6.79,45.6,31.31,391.04,OK
2888,2026-06-04 19:45:57.000000,2420.13,58.67,169,8.0,2.4,30.07,48.26,419.32,RISQUE
2889,2026-06-04 19:45:57.000000,1485.13,40.7,157,5.9,6.82,32.85,27.38,405.72,OK
2890,2026-06-04 19:45:57.000000,601.06,66.35,180,1.92,6.3,73.46,12.07,372.0,OK
2891,2026-06-04 19:45:57.000000,1959.66,41.22,183,3.41,3.23,42.24,24.19,418.43,OK
2892,2026-06-04 19:45:57.000000,1031.17,73.14,160,3.99,4.33,37.94,23.15,425.07,OK
2893,2026-06-04 19:45:57.000000,2881.38,99.68,163,0.17,5.51,57.52,19.4,403.86,PANNE
2894,2026-06-04 19:45:57.000000,1672.32,91.69,167,2.0,6.15,62.78,22.17,404.66,OK
2895,2026-06-04 19:45:57.000000,1795.3,86.67,157,1.58,4.48,30.23,36.59,408.88,OK
2896,2026-06-04 19:45:57.000000,2193.42,88.93,162,4.82,5.59,38.49,37.74,390.98,OK
2897,2026-06-04 19:45:57.000000,953.31,66.31,170,7.83,4.3,87.04,28.7,371.11,RISQUE
2898,2026-06-04 19:45:57.000000,1224.59,55.93,159,0.13,3.69,69.24,22.76,388.85,OK
2899,2026-06-04 19:45:57.000000,2417.97,96.88,183,6.64,4.01,31.32,55.06,396.4,PANNE
2900,2026-06-04 19:45:57.000000,1958.92,83.91,182,8.46,5.84,48.46,21.58,384.13,RISQUE
2901,2026-06-04 19:45:57.000000,2776.41,60.58,169,2.51,6.89,38.03,46.89,387.26,OK
2902,2026-06-04 19:45:57.000000,2304.19,69.82,176,7.71,2.25,86.17,36.59,421.03,RISQUE
2903,2026-06-04 19:45:57.000000,567.49,88.4,164,8.52,2.96,54.04,31.48,426.79,RISQUE
2904,2026-06-04 19:45:57.000000,705.98,74.65,182,7.44,4.58,50.92,19.7,425.47,RISQUE
2905,2026-06-04 19:45:57.000000,1388.57,49.46,181,7.71,6.84,61.35,45.56,429.29,RISQUE
2906,2026-06-04 19:45:57.000000,1139.3,91.94,174,2.75,5.67,80.57,10.72,402.61,OK
2907,2026-06-04 19:45:57.000000,1917.93,68.05,173,2.6,6.4,67.26,33.27,397.86,OK
2908,2026-06-04 19:45:57.000000,2063.84,45.72,172,1.78,3.63,35.51,34.19,378.6,OK
2909,2026-06-04 19:45:57.000000,1458.53,46.71,168,0.94,4.56,46.5,52.05,392.77,OK
2910,2026-06-04 19:45:57.000000,597.0,47.12,179,6.27,2.2,49.11,33.61,394.32,RISQUE
2911,2026-06-04 19:45:57.000000,2776.08,50.33,165,0.19,6.08,31.61,44.25,390.67,OK
2912,2026-06-04 19:45:57.000000,1526.15,70.15,167,4.49,3.09,74.4,12.42,371.32,OK
2913,2026-06-04 19:45:57.000000,1324.57,55.06,187,2.45,4.0,45.76,15.76,417.29,OK
2914,2026-06-04 19:45:57.000000,2497.84,72.43,163,8.97,4.45,75.28,25.25,385.67,RISQUE
2915,2026-06-04 19:45:57.000000,1073.06,91.16,173,2.82,6.18,50.07,18.24,419.2,OK
2916,2026-06-04 19:45:57.000000,1667.11,63.66,183,1.71,5.43,85.02,36.4,423.31,OK
2917,2026-06-04 19:45:57.000000,3378.36,79.76,166,8.15,2.98,62.26,14.94,422.87,RISQUE
2918,2026-06-04 19:45:57.000000,1197.6,95.31,166,8.66,5.15,63.46,54.79,418.32,PANNE
2919,2026-06-04 19:45:57.000000,1327.78,85.31,184,5.82,2.42,70.45,15.91,404.12,OK
2920,2026-06-04 19:45:57.000000,2035.32,77.44,164,7.51,3.1,80.77,38.56,389.05,RISQUE
2921,2026-06-04 19:45:57.000000,2342.29,80.18,186,0.43,3.87,74.28,38.47,408.0,RISQUE
2922,2026-06-04 19:45:57.000000,2516.89,73.5,172,8.49,3.15,65.89,25.18,413.39,RISQUE
2923,2026-06-04 19:45:57.000000,1899.86,42.47,168,1.48,3.69,44.95,21.53,394.35,OK
2924,2026-06-04 19:45:57.000000,1067.61,134.86,181,3.31,2.44,57.04,59.34,404.92,RISQUE
2925,2026-06-04 19:45:57.000000,1668.8,87.48,184,8.26,6.8,49.19,46.05,408.72,RISQUE
2926,2026-06-04 19:45:57.000000,3001.38,70.26,160,9.0,6.99,47.25,32.29,391.97,RISQUE
2927,2026-06-04 19:45:57.000000,1795.2,97.22,169,5.76,4.92,41.69,21.02,401.07,RISQUE
2928,2026-06-04 19:45:57.000000,1290.64,110.58,172,5.24,6.15,64.91,30.82,390.21,RISQUE
2929,2026-06-04 19:45:57.000000,3155.29,44.91,187,0.57,5.16,89.3,12.26,385.64,OK
2930,2026-06-04 19:45:57.000000,1634.11,97.58,162,2.54,2.67,84.47,16.91,428.03,RISQUE
2931,2026-06-04 19:45:57.000000,741.32,63.72,164,6.23,6.38,60.58,56.0,374.27,RISQUE
2932,2026-06-04 19:45:57.000000,2206.18,94.68,173,6.42,4.52,65.57,32.64,399.13,PANNE
2933,2026-06-04 19:45:57.000000,3091.32,91.0,173,6.69,5.77,75.59,36.95,394.95,PANNE
2934,2026-06-04 19:45:57.000000,2672.34,80.7,168,5.16,4.03,58.79,19.18,398.7,RISQUE
2935,2026-06-04 19:45:57.000000,683.89,80.41,171,2.45,2.22,58.83,23.63,425.28,OK
2936,2026-06-04 19:45:57.000000,774.28,60.82,175,8.96,3.03,50.35,13.99,392.87,RISQUE
2937,2026-06-04 19:45:57.000000,2945.83,46.5,187,5.89,4.5,73.75,17.4,403.18,OK
2938,2026-06-04 19:45:57.000000,2146.21,87.04,174,6.87,5.95,83.55,14.5,416.31,RISQUE
2939,2026-06-04 19:45:57.000000,2748.42,95.43,182,4.34,6.6,47.85,46.41,414.93,PANNE
2940,2026-06-04 19:45:57.000000,1528.51,58.31,165,3.41,5.38,51.57,48.41,415.72,OK
2941,2026-06-04 19:45:57.000000,710.72,118.08,165,9.95,5.83,80.61,55.99,374.1,PANNE
2942,2026-06-04 19:45:57.000000,1109.87,53.96,186,9.7,3.19,46.81,44.38,405.85,RISQUE
2943,2026-06-04 19:45:57.000000,884.66,54.0,181,5.91,4.86,35.31,46.25,391.55,OK
2944,2026-06-04 19:45:57.000000,3486.24,70.07,176,7.21,5.11,86.44,52.02,392.79,RISQUE
2945,2026-06-04 19:45:57.000000,2401.8,46.13,180,7.1,5.24,36.84,41.16,416.45,RISQUE
2946,2026-06-04 19:45:57.000000,3349.94,75.24,187,1.07,5.43,36.38,33.76,373.4,OK
2947,2026-06-04 19:45:57.000000,3294.84,43.78,170,3.74,2.38,45.64,13.67,405.11,OK
2948,2026-06-04 19:45:57.000000,3234.79,97.06,182,9.99,3.29,47.68,44.97,406.74,PANNE
2949,2026-06-04 19:45:57.000000,1482.28,73.36,177,1.35,5.47,33.93,22.24,371.64,OK
2950,2026-06-04 19:45:57.000000,2673.41,50.78,174,8.14,6.48,32.13,34.56,390.98,RISQUE
2951,2026-06-04 19:45:57.000000,911.7,76.54,171,9.46,3.58,74.76,49.0,409.75,RISQUE
2952,2026-06-04 19:45:57.000000,1981.21,73.74,177,9.38,3.04,43.83,36.27,426.17,RISQUE
2953,2026-06-04 19:45:57.000000,2637.65,66.03,159,6.11,6.58,74.71,59.0,409.84,RISQUE
2954,2026-06-04 19:45:57.000000,1951.95,99.28,170,5.28,2.94,51.31,20.64,429.87,RISQUE
2955,2026-06-04 19:45:57.000000,1427.02,44.28,180,2.24,2.96,47.52,54.07,401.87,OK
2956,2026-06-04 19:45:57.000000,661.48,53.39,165,2.65,2.82,31.4,41.28,373.48,OK
2957,2026-06-04 19:45:57.000000,2807.52,131.93,183,4.51,6.75,53.54,15.69,393.53,PANNE
2958,2026-06-04 19:45:57.000000,1062.66,63.65,184,1.64,3.29,78.06,21.42,414.35,OK
2959,2026-06-04 19:45:57.000000,3333.09,92.56,167,8.38,3.79,46.49,25.01,410.61,PANNE
2960,2026-06-04 19:45:57.000000,1189.52,95.51,163,8.23,4.13,69.73,11.61,380.45,PANNE
2961,2026-06-04 19:45:57.000000,3322.24,60.85,164,1.4,6.39,88.43,21.62,384.43,OK
2962,2026-06-04 19:45:57.000000,2873.63,57.96,185,6.09,5.35,61.42,40.42,398.26,RISQUE
2963,2026-06-04 19:45:57.000000,2528.71,67.11,164,3.48,5.56,60.81,31.66,407.5,OK
2964,2026-06-04 19:45:57.000000,829.62,78.33,180,6.74,2.21,41.23,50.48,399.18,RISQUE
2965,2026-06-04 19:45:57.000000,2551.49,83.99,160,8.21,2.27,78.2,52.86,422.55,PANNE
2966,2026-06-04 19:45:57.000000,2008.14,64.95,177,6.42,5.51,65.2,51.29,392.12,RISQUE
2967,2026-06-04 19:45:57.000000,3203.04,59.52,159,0.41,4.51,53.43,32.2,372.9,OK
2968,2026-06-04 19:45:57.000000,2457.72,61.13,184,6.78,4.17,38.0,28.3,395.79,RISQUE
2969,2026-06-04 19:45:57.000000,634.44,41.67,168,0.99,3.8,60.25,32.02,411.39,OK
2970,2026-06-04 19:45:57.000000,2804.46,56.12,178,6.31,6.26,52.21,24.62,391.08,RISQUE
2971,2026-06-04 19:45:57.000000,3040.73,61.09,174,6.53,5.61,69.2,14.99,402.34,RISQUE
2972,2026-06-04 19:45:57.000000,2003.46,121.18,175,9.17,2.41,69.32,11.66,381.99,PANNE
2973,2026-06-04 19:45:57.000000,2895.56,46.72,175,4.88,2.23,75.87,44.25,377.89,OK
2974,2026-06-04 19:45:57.000000,1498.91,75.28,179,0.19,2.47,54.95,49.81,414.03,OK
2975,2026-06-04 19:45:57.000000,2392.13,77.35,186,3.52,6.34,47.02,50.72,383.25,OK
2976,2026-06-04 19:45:57.000000,2553.02,51.49,173,5.6,5.74,33.36,11.9,371.33,OK
2977,2026-06-04 19:45:57.000000,750.28,55.02,177,2.91,3.02,38.71,15.78,378.54,OK
2978,2026-06-04 19:45:57.000000,632.6,86.66,173,2.23,6.9,43.95,21.14,394.98,OK
2979,2026-06-04 19:45:57.000000,2519.98,97.49,169,7.44,5.5,45.83,21.1,389.13,PANNE
2980,2026-06-04 19:45:57.000000,3411.48,85.8,187,9.82,7.0,33.12,23.04,378.86,PANNE
2981,2026-06-04 19:45:57.000000,2337.49,44.5,170,7.25,5.94,75.64,32.11,425.74,RISQUE
2982,2026-06-04 19:45:57.000000,532.34,63.48,176,2.93,4.16,46.94,15.76,413.75,OK
2983,2026-06-04 19:45:57.000000,905.69,53.39,159,6.72,6.76,74.97,54.42,381.61,RISQUE
2984,2026-06-04 19:45:57.000000,1783.01,76.21,164,4.23,6.15,83.11,56.67,370.73,OK
2985,2026-06-04 19:45:57.000000,1075.11,59.95,169,4.62,5.68,47.74,23.42,397.33,OK
2986,2026-06-04 19:45:57.000000,2460.34,82.07,179,9.57,6.13,45.6,51.05,389.48,PANNE
2987,2026-06-04 19:45:57.000000,2220.42,77.02,175,0.91,5.67,53.59,48.34,409.27,OK
2988,2026-06-04 19:45:57.000000,3154.03,85.43,164,6.09,3.95,37.57,32.95,424.97,PANNE
2989,2026-06-04 19:45:57.000000,2541.33,55.72,161,2.23,2.37,72.24,24.81,392.11,OK
2990,2026-06-04 19:45:57.000000,2090.56,49.76,181,9.19,2.02,46.06,26.16,418.79,RISQUE
2991,2026-06-04 19:45:57.000000,748.86,73.48,164,9.04,3.35,68.54,29.94,374.06,RISQUE
2992,2026-06-04 19:45:57.000000,1896.67,79.73,184,3.48,3.72,70.52,27.23,411.83,OK
2993,2026-06-04 19:45:57.000000,1101.01,59.91,181,5.08,6.7,40.38,12.33,412.82,OK
2994,2026-06-04 19:45:57.000000,859.79,63.07,178,8.69,6.93,49.24,42.33,386.25,RISQUE
2995,2026-06-04 19:45:57.000000,1656.66,137.43,176,1.21,4.23,82.36,11.13,399.7,RISQUE
2996,2026-06-04 19:45:57.000000,1469.62,126.99,164,5.92,6.94,39.99,53.38,420.33,RISQUE
2997,2026-06-04 19:45:57.000000,2091.16,88.36,183,3.99,4.01,78.88,53.33,423.36,OK
2998,2026-06-04 19:45:57.000000,3050.2,82.62,176,8.58,5.69,37.15,29.03,402.73,PANNE
2999,2026-06-04 19:45:57.000000,2738.87,69.28,172,5.36,4.2,65.45,41.79,394.35,OK
3000,2026-06-04 19:45:57.000000,3087.27,79.55,180,3.46,2.72,70.73,58.17,416.86,OK
3001,2026-06-04 19:45:57.000000,2004.26,74.45,172,9.23,2.56,77.25,40.17,409.27,RISQUE
3002,2026-06-04 19:45:57.000000,2005.8,79.66,182,5.35,2.85,44.88,46.4,423.73,OK
3003,2026-06-04 19:45:57.000000,947.51,67.89,172,6.54,6.12,39.28,25.14,373.03,RISQUE
3004,2026-06-04 19:45:57.000000,706.22,54.87,187,2.28,6.67,89.32,16.95,413.78,OK
3005,2026-06-04 19:45:57.000000,1433.83,57.8,159,2.21,2.86,42.02,34.17,418.95,OK
3006,2026-06-04 19:45:57.000000,3009.82,124.17,182,3.71,3.71,66.12,59.1,376.21,PANNE
3007,2026-06-04 19:45:57.000000,2751.9,87.88,186,5.71,5.01,47.84,44.05,400.77,RISQUE
3008,2026-06-04 19:45:57.000000,641.52,134.08,157,6.8,3.29,45.11,34.21,409.93,PANNE
3009,2026-06-04 19:45:57.000000,2144.77,104.63,176,3.94,3.62,56.24,20.78,415.98,RISQUE
3010,2026-06-04 19:45:57.000000,3481.58,41.46,161,8.6,3.59,30.6,14.79,396.97,RISQUE
3011,2026-06-04 19:45:57.000000,1295.31,48.23,178,7.08,5.73,66.55,50.24,381.82,RISQUE
3012,2026-06-04 19:45:57.000000,2658.72,53.56,182,5.81,5.73,89.39,45.47,404.65,OK
3013,2026-06-04 19:45:57.000000,894.16,65.69,172,7.3,3.29,35.89,45.85,387.44,RISQUE
3014,2026-06-04 19:45:57.000000,1193.32,60.84,178,5.93,3.35,64.48,13.07,404.96,OK
3015,2026-06-04 19:45:57.000000,2639.79,138.07,182,7.11,4.08,86.94,34.75,407.69,PANNE
3016,2026-06-04 19:45:57.000000,2051.22,54.36,163,5.08,6.95,55.35,17.22,397.26,OK
3017,2026-06-04 19:45:57.000000,2496.42,76.53,161,5.88,6.72,87.14,56.6,418.2,OK
3018,2026-06-04 19:45:57.000000,2142.48,46.92,157,2.18,4.24,65.27,39.67,382.22,OK
3019,2026-06-04 19:45:57.000000,921.65,78.51,174,8.14,5.24,78.15,13.29,425.27,RISQUE
3020,2026-06-04 19:45:57.000000,2297.79,89.22,162,6.14,3.35,60.75,47.5,382.76,PANNE
3021,2026-06-04 19:45:57.000000,1159.55,98.14,183,3.78,3.16,31.36,30.97,371.7,RISQUE
3022,2026-06-04 19:45:57.000000,1399.36,93.58,157,4.62,4.06,70.57,17.14,411.13,OK
3023,2026-06-04 19:45:57.000000,2369.82,78.56,173,2.25,3.27,65.56,20.17,384.36,OK
3024,2026-06-04 19:45:57.000000,3176.23,53.86,184,4.21,4.14,82.55,14.81,421.19,OK
3025,2026-06-04 19:45:57.000000,586.57,40.14,180,1.34,4.91,60.6,50.18,399.25,OK
3026,2026-06-04 19:45:57.000000,3272.07,83.9,172,0.35,4.03,85.21,29.26,379.89,RISQUE
3027,2026-06-04 19:45:57.000000,1117.02,63.67,186,2.53,5.24,58.79,32.79,420.35,OK
3028,2026-06-04 19:45:57.000000,3388.8,75.33,179,1.65,6.67,40.78,14.7,425.86,OK
3029,2026-06-04 19:45:57.000000,1803.79,53.11,168,1.9,5.23,69.36,27.24,415.36,OK
3030,2026-06-04 19:45:57.000000,1703.63,65.07,173,1.25,4.12,74.48,31.81,427.41,OK
3031,2026-06-04 19:45:57.000000,1132.64,96.16,178,6.3,4.58,71.49,55.44,398.16,PANNE
3032,2026-06-04 19:45:57.000000,2972.92,72.46,158,6.87,6.8,74.65,51.9,427.45,RISQUE
3033,2026-06-04 19:45:57.000000,1675.25,62.31,165,2.85,3.26,54.07,22.58,373.26,OK
3034,2026-06-04 19:45:57.000000,2113.45,59.16,158,2.52,5.24,58.92,33.34,423.26,OK
3035,2026-06-04 19:45:57.000000,3374.66,67.17,167,7.53,6.46,42.13,26.67,373.61,RISQUE
3036,2026-06-04 19:45:57.000000,1022.18,102.98,158,6.47,5.56,67.21,58.23,427.76,PANNE
3037,2026-06-04 19:45:57.000000,2594.05,64.89,177,6.23,2.11,44.18,15.92,422.99,RISQUE
3038,2026-06-04 19:45:57.000000,1480.46,77.07,175,8.54,3.45,83.38,38.86,382.99,RISQUE
3039,2026-06-04 19:45:57.000000,1725.06,94.43,168,8.77,2.79,39.55,26.11,378.02,RISQUE
3040,2026-06-04 19:45:57.000000,2346.14,68.94,161,9.07,5.44,72.98,35.98,396.96,RISQUE
3041,2026-06-04 19:45:57.000000,3409.37,46.74,162,3.43,6.03,30.26,40.05,429.53,OK
3042,2026-06-04 19:45:57.000000,1055.46,73.09,169,4.44,5.33,89.77,59.19,425.81,OK
3043,2026-06-04 19:45:57.000000,1758.76,76.82,159,3.36,4.11,36.08,22.05,424.03,OK
3044,2026-06-04 19:45:57.000000,831.46,109.96,186,8.05,5.47,33.4,20.02,419.89,PANNE
3045,2026-06-04 19:45:57.000000,3149.33,61.54,187,8.0,3.76,51.62,47.23,408.52,RISQUE
3046,2026-06-04 19:45:57.000000,1751.08,135.96,178,3.88,5.45,46.87,26.95,421.08,RISQUE
3047,2026-06-04 19:45:57.000000,1980.35,70.15,185,2.06,4.74,37.41,58.68,399.81,OK
3048,2026-06-04 19:45:57.000000,779.08,40.24,179,4.47,6.79,56.89,28.34,399.36,OK
3049,2026-06-04 19:45:57.000000,1246.1,97.0,166,6.93,5.59,60.64,29.99,398.03,PANNE
3050,2026-06-04 19:45:57.000000,3033.79,66.27,181,2.53,5.65,83.74,24.29,414.5,OK
3051,2026-06-04 19:45:57.000000,3492.31,94.56,170,8.04,2.13,73.22,36.13,397.12,PANNE
3052,2026-06-04 19:45:57.000000,1262.31,64.15,169,4.6,4.68,47.94,54.42,402.72,OK
3053,2026-06-04 19:45:57.000000,1840.72,40.95,161,1.63,4.38,83.47,11.35,397.7,OK
3054,2026-06-04 19:45:57.000000,2411.81,52.17,175,2.74,4.28,57.5,56.22,384.84,OK
3055,2026-06-04 19:45:57.000000,1074.36,80.28,161,9.16,2.02,46.51,28.13,429.24,RISQUE
3056,2026-06-04 19:45:57.000000,1122.87,86.93,173,9.99,3.86,81.8,20.03,394.78,RISQUE
3057,2026-06-04 19:45:57.000000,2178.73,77.32,165,9.99,3.58,65.04,58.57,376.31,RISQUE
3058,2026-06-04 19:45:57.000000,1552.3,41.94,182,6.08,6.94,37.05,41.12,415.55,RISQUE
3059,2026-06-04 19:45:57.000000,1077.48,43.32,161,7.13,6.95,78.49,13.6,426.1,RISQUE
3060,2026-06-04 19:45:57.000000,2365.27,90.81,172,4.88,4.86,53.96,23.98,382.0,RISQUE
3061,2026-06-04 19:45:57.000000,638.63,97.89,177,5.48,5.0,51.28,58.73,418.56,RISQUE
3062,2026-06-04 19:45:57.000000,2007.69,137.56,176,6.96,6.85,76.05,56.22,389.18,PANNE
3063,2026-06-04 19:45:57.000000,1312.04,46.3,164,8.81,4.96,49.24,51.25,379.78,RISQUE
3064,2026-06-04 19:45:57.000000,1209.89,64.36,179,3.56,2.35,46.94,20.07,379.6,OK
3065,2026-06-04 19:45:57.000000,3128.45,84.39,178,7.22,6.9,74.29,47.43,401.73,PANNE
3066,2026-06-04 19:45:57.000000,1394.12,57.82,169,1.53,6.36,84.2,54.94,417.02,OK
3067,2026-06-04 19:45:57.000000,2566.84,57.1,173,1.62,5.72,43.86,56.25,425.91,OK
3068,2026-06-04 19:45:57.000000,1676.74,87.74,167,8.0,6.11,72.44,13.64,384.55,RISQUE
3069,2026-06-04 19:45:57.000000,3125.79,67.22,174,3.35,2.25,44.66,13.6,407.64,OK
3070,2026-06-04 19:45:57.000000,2894.23,52.43,167,0.58,6.49,48.67,53.23,393.34,OK
3071,2026-06-04 19:45:57.000000,2808.91,79.53,186,8.83,2.54,83.31,15.96,425.83,RISQUE
3072,2026-06-04 19:45:57.000000,3115.67,67.02,160,3.33,2.24,44.57,13.47,407.09,OK
3073,2026-06-04 19:45:57.000000,3357.25,64.77,180,9.04,5.32,66.56,12.68,396.36,RISQUE
3074,2026-06-04 19:45:57.000000,2871.96,52.61,183,0.08,5.34,48.76,38.08,422.2,OK
3075,2026-06-04 19:45:57.000000,3209.87,49.71,184,7.88,3.15,77.17,22.04,420.74,RISQUE
3076,2026-06-04 19:45:57.000000,662.73,108.63,169,6.24,6.79,84.99,45.45,417.76,PANNE
3077,2026-06-04 19:45:57.000000,1180.91,57.71,187,8.07,3.76,50.56,42.77,384.94,RISQUE
3078,2026-06-04 19:45:57.000000,2842.31,123.32,178,1.55,4.17,72.01,20.09,424.48,PANNE
3079,2026-06-04 19:45:57.000000,3004.52,54.8,186,0.64,6.08,83.12,59.02,384.77,OK
3080,2026-06-04 19:45:57.000000,3252.33,101.54,172,4.72,5.04,67.21,23.95,402.09,PANNE
3081,2026-06-04 19:45:57.000000,1819.56,40.22,186,1.83,4.98,55.87,28.37,402.63,OK
3082,2026-06-04 19:45:57.000000,535.91,99.48,176,1.39,5.28,82.11,28.61,385.32,RISQUE
3083,2026-06-04 19:45:57.000000,554.71,81.08,181,9.3,4.97,41.08,16.94,378.41,RISQUE
3084,2026-06-04 19:45:57.000000,3023.34,116.85,179,9.42,2.93,36.3,58.34,401.13,PANNE
3085,2026-06-04 19:45:57.000000,3376.78,89.73,183,3.35,5.99,88.99,36.14,409.9,RISQUE
3086,2026-06-04 19:45:57.000000,3336.38,42.93,167,5.08,5.51,89.26,51.59,381.78,OK
3087,2026-06-04 19:45:57.000000,1752.16,81.22,171,9.03,3.32,66.61,22.95,397.86,RISQUE
3088,2026-06-04 19:45:57.000000,1539.44,75.13,180,0.98,4.25,87.3,31.28,385.81,OK
3089,2026-06-04 19:45:57.000000,1548.99,78.64,167,8.5,3.01,57.52,44.38,373.75,RISQUE
3090,2026-06-04 19:45:57.000000,1657.74,119.22,174,4.88,3.42,87.36,56.36,416.11,RISQUE
3091,2026-06-04 19:45:57.000000,2437.49,138.55,187,3.38,5.75,74.47,32.68,372.67,PANNE
3092,2026-06-04 19:45:57.000000,2210.36,80.69,172,7.47,2.12,82.95,26.93,372.74,PANNE
3093,2026-06-04 19:45:57.000000,662.7,50.39,186,4.92,3.48,30.1,16.12,406.43,OK
3094,2026-06-04 19:45:57.000000,1285.21,56.63,177,0.61,4.61,55.36,37.48,398.79,OK
3095,2026-06-04 19:45:57.000000,3285.97,51.67,180,7.68,2.27,87.88,43.1,394.97,RISQUE
3096,2026-06-04 19:45:57.000000,2093.11,136.68,158,9.05,6.65,86.01,53.98,405.83,PANNE
3097,2026-06-04 19:45:57.000000,3371.69,48.85,176,1.22,5.7,50.01,32.34,384.03,OK
3098,2026-06-04 19:45:57.000000,2189.28,89.48,157,3.93,3.37,41.65,17.38,379.34,OK
3099,2026-06-04 19:45:57.000000,3079.01,65.3,171,4.01,4.12,85.01,25.66,418.9,OK
3100,2026-06-04 19:45:57.000000,2618.78,71.58,160,1.63,5.47,89.03,51.81,383.75,OK
3101,2026-06-04 19:45:57.000000,1090.54,125.71,169,0.56,5.45,47.06,27.5,423.81,RISQUE
3102,2026-06-04 19:45:57.000000,3034.47,84.67,184,5.23,2.41,80.39,57.66,384.8,RISQUE
3103,2026-06-04 19:45:57.000000,3276.02,59.82,157,1.41,6.63,42.66,23.78,414.67,OK
3104,2026-06-04 19:45:57.000000,2713.42,92.5,163,8.14,6.29,80.85,43.15,416.36,PANNE
3105,2026-06-04 19:45:57.000000,1278.57,48.0,164,6.98,5.56,57.73,18.87,400.02,RISQUE
3106,2026-06-04 19:45:57.000000,2131.9,52.18,160,8.06,4.0,64.74,44.82,414.69,RISQUE
3107,2026-06-04 19:45:57.000000,3431.86,134.02,170,3.35,5.71,72.12,24.31,389.53,PANNE
3108,2026-06-04 19:45:57.000000,2690.5,130.67,173,3.51,4.82,76.0,17.07,394.45,PANNE
3109,2026-06-04 19:45:57.000000,3388.79,46.2,178,3.49,6.29,44.54,41.88,397.65,OK
3110,2026-06-04 19:45:57.000000,1927.86,90.65,186,7.82,4.42,34.46,55.94,392.24,RISQUE
3111,2026-06-04 19:45:57.000000,1435.72,59.71,170,0.81,4.35,36.22,15.53,384.52,OK
3112,2026-06-04 19:45:57.000000,820.75,117.69,167,2.08,5.59,88.2,44.7,403.58,RISQUE
3113,2026-06-04 19:45:57.000000,1820.85,69.1,177,0.19,5.86,78.28,45.35,377.26,OK
3114,2026-06-04 19:45:57.000000,1867.94,97.08,172,7.18,3.1,86.92,14.13,404.02,PANNE
3115,2026-06-04 19:45:57.000000,938.34,96.17,159,3.06,2.45,62.05,30.02,393.93,RISQUE
3116,2026-06-04 19:45:57.000000,2497.85,52.87,169,3.65,6.13,31.95,44.32,390.1,OK
3117,2026-06-04 19:45:57.000000,2110.24,59.69,167,2.07,4.12,59.78,20.58,404.17,OK
3118,2026-06-04 19:45:57.000000,775.21,68.58,164,3.15,3.5,63.04,52.81,407.74,OK
3119,2026-06-04 19:45:57.000000,3189.63,139.45,185,5.24,6.66,35.15,41.69,424.72,PANNE
3120,2026-06-04 19:45:57.000000,1271.89,120.41,168,7.55,2.03,75.61,49.23,408.56,PANNE
3121,2026-06-04 19:45:57.000000,2533.6,80.2,157,3.59,5.81,73.77,28.18,407.8,RISQUE
3122,2026-06-04 19:45:57.000000,2981.39,43.11,157,9.03,2.16,57.16,18.34,398.54,RISQUE
3123,2026-06-04 19:45:57.000000,1686.3,57.24,157,6.84,3.16,36.75,53.19,428.91,RISQUE
3124,2026-06-04 19:45:57.000000,2784.85,48.51,165,1.7,4.82,48.88,53.92,396.86,OK
3125,2026-06-04 19:45:57.000000,2185.9,43.42,181,5.53,2.4,74.61,33.75,378.71,OK
3126,2026-06-04 19:45:57.000000,1615.1,57.61,180,5.38,4.86,45.04,36.75,425.41,OK
3127,2026-06-04 19:45:57.000000,2392.23,51.58,187,2.85,4.67,78.93,33.75,425.67,OK
3128,2026-06-04 19:45:57.000000,3069.05,52.89,180,3.15,2.04,35.37,31.33,421.88,OK
3129,2026-06-04 19:45:57.000000,3023.99,44.51,160,8.68,6.09,58.93,57.94,390.83,RISQUE
3130,2026-06-04 19:45:57.000000,3052.43,50.57,171,4.61,5.77,53.14,43.32,380.49,OK
3131,2026-06-04 19:45:57.000000,793.55,71.1,174,1.57,4.46,89.25,33.12,390.94,OK
3132,2026-06-04 19:45:57.000000,2862.41,47.38,181,3.84,4.78,67.6,33.36,397.33,OK
3133,2026-06-04 19:45:57.000000,1104.46,87.86,176,8.28,4.68,41.94,29.25,389.65,RISQUE
3134,2026-06-04 19:45:57.000000,1992.18,42.58,158,2.93,6.87,89.65,12.32,384.96,OK
3135,2026-06-04 19:45:57.000000,2146.89,55.54,186,5.79,3.24,60.33,49.08,393.52,OK
3136,2026-06-04 19:45:57.000000,2826.15,54.21,163,8.11,5.65,42.98,54.57,418.5,RISQUE
3137,2026-06-04 19:45:57.000000,3281.14,42.9,175,4.18,3.54,47.25,35.65,412.15,OK
3138,2026-06-04 19:45:57.000000,830.57,44.25,169,2.32,6.16,57.6,50.28,408.9,OK
3139,2026-06-04 19:45:57.000000,2272.11,48.07,161,3.48,6.84,77.76,13.81,429.56,OK
3140,2026-06-04 19:45:57.000000,628.73,48.24,176,5.97,6.28,59.1,52.98,420.59,OK
3141,2026-06-04 19:45:57.000000,1865.37,96.9,186,7.41,3.69,58.08,26.3,383.58,PANNE
3142,2026-06-04 19:45:57.000000,1210.04,79.5,185,2.21,3.97,48.34,27.39,419.29,OK
3143,2026-06-04 19:45:57.000000,3145.67,83.09,168,9.46,2.42,64.97,43.09,403.61,PANNE
3144,2026-06-04 19:45:57.000000,1337.73,78.15,170,5.35,6.18,64.58,28.65,378.16,OK
3145,2026-06-04 19:45:57.000000,2574.92,105.97,176,0.1,6.88,81.22,26.87,377.55,PANNE
3146,2026-06-04 19:45:57.000000,2823.35,95.44,160,5.57,4.3,67.69,48.1,425.52,PANNE
3147,2026-06-04 19:45:57.000000,3134.98,97.13,164,8.22,4.38,84.96,17.52,370.23,PANNE
3148,2026-06-04 19:45:57.000000,641.75,71.79,167,8.52,2.59,31.89,50.27,425.97,RISQUE
3149,2026-06-04 19:45:57.000000,3111.39,71.06,165,0.23,4.51,56.71,45.87,385.1,OK
3150,2026-06-04 19:45:57.000000,1215.02,67.91,160,0.99,5.89,65.64,41.81,393.94,OK
3151,2026-06-04 19:45:57.000000,1158.15,62.2,166,4.32,4.5,42.44,36.74,373.13,OK
3152,2026-06-04 19:45:57.000000,2401.49,122.65,174,4.7,4.24,80.05,51.21,407.1,PANNE
3153,2026-06-04 19:45:57.000000,2086.33,114.5,181,5.56,2.98,48.61,58.16,423.11,RISQUE
3154,2026-06-04 19:45:57.000000,586.03,67.64,182,0.71,3.33,37.3,50.43,410.66,OK
3155,2026-06-04 19:45:57.000000,2459.03,68.41,172,1.34,5.56,39.5,42.75,417.98,OK
3156,2026-06-04 19:45:57.000000,1793.97,128.99,176,9.82,5.09,38.34,52.17,418.01,PANNE
3157,2026-06-04 19:45:57.000000,656.42,79.32,187,3.11,4.0,34.22,17.46,402.06,OK
3158,2026-06-04 19:45:57.000000,2737.73,70.95,173,4.08,6.01,77.43,37.17,390.74,OK
3159,2026-06-04 19:45:57.000000,3427.43,132.05,180,4.75,4.24,79.02,46.96,384.69,PANNE
3160,2026-06-04 19:45:57.000000,3438.25,75.06,168,2.68,4.01,42.21,50.65,397.27,OK
3161,2026-06-04 19:45:57.000000,1226.31,67.82,166,1.24,6.48,36.17,51.43,420.08,OK
3162,2026-06-04 19:45:57.000000,2157.9,76.4,168,0.33,4.55,56.81,45.3,381.34,OK
3163,2026-06-04 19:45:57.000000,3348.12,131.68,177,3.71,2.04,85.56,40.29,385.1,PANNE
3164,2026-06-04 19:45:57.000000,521.4,49.55,172,3.19,4.88,85.3,54.02,408.21,OK
3165,2026-06-04 19:45:57.000000,2664.96,131.81,185,2.22,6.73,33.84,34.08,382.98,PANNE
3166,2026-06-04 19:45:57.000000,2799.88,64.03,160,0.31,6.28,41.29,28.58,387.63,OK
3167,2026-06-04 19:45:57.000000,798.21,47.93,159,9.02,3.07,51.68,18.28,414.66,RISQUE
3168,2026-06-04 19:45:57.000000,2031.45,48.99,169,8.78,6.29,69.49,45.76,406.13,RISQUE
3169,2026-06-04 19:45:57.000000,1966.0,55.51,158,2.8,6.67,79.76,27.25,384.25,OK
3170,2026-06-04 19:45:57.000000,2711.24,56.83,167,4.23,6.53,45.59,39.06,377.58,OK
3171,2026-06-04 19:45:57.000000,635.56,62.16,186,5.64,5.42,73.48,38.71,411.79,OK
3172,2026-06-04 19:45:57.000000,1119.68,47.26,185,4.88,6.1,68.29,46.47,413.97,OK
3173,2026-06-04 19:45:57.000000,2516.71,52.16,179,4.49,3.15,78.28,26.58,384.63,OK
3174,2026-06-04 19:45:57.000000,2475.81,81.89,171,0.09,2.35,49.34,30.08,372.45,RISQUE
3175,2026-06-04 19:45:57.000000,2687.05,55.91,166,4.52,2.36,30.06,49.56,427.19,OK
3176,2026-06-04 19:45:57.000000,1385.16,60.78,183,9.17,5.49,74.34,40.07,417.42,RISQUE
3177,2026-06-04 19:45:57.000000,2758.63,64.92,177,8.96,3.1,54.82,30.38,417.83,RISQUE
3178,2026-06-04 19:45:57.000000,1811.56,72.24,166,7.68,4.65,50.58,16.31,406.13,RISQUE
3179,2026-06-04 19:45:57.000000,619.54,49.32,157,5.0,3.91,54.53,54.9,385.82,OK
3180,2026-06-04 19:45:57.000000,3396.07,66.78,169,8.19,2.98,61.64,12.36,409.23,RISQUE
3181,2026-06-04 19:45:57.000000,2625.96,77.82,160,7.06,4.03,84.78,27.28,429.32,RISQUE
3182,2026-06-04 19:45:57.000000,630.84,94.64,180,0.21,6.88,78.91,17.4,387.69,OK
3183,2026-06-04 19:45:57.000000,1416.74,49.4,160,8.23,3.0,61.57,11.67,405.29,RISQUE
3184,2026-06-04 19:45:57.000000,2406.02,71.0,181,8.52,3.76,42.22,58.15,382.27,RISQUE
3185,2026-06-04 19:45:57.000000,1432.08,88.79,164,2.35,3.22,60.68,51.33,405.94,OK
3186,2026-06-04 19:45:57.000000,2906.33,107.5,160,4.48,6.17,79.77,42.16,413.63,PANNE
3187,2026-06-04 19:45:57.000000,1529.07,53.95,163,6.69,3.57,63.83,53.87,411.75,RISQUE
3188,2026-06-04 19:45:57.000000,1911.35,40.23,164,3.35,3.31,48.48,47.64,420.42,OK
3189,2026-06-04 19:45:57.000000,1990.15,84.7,159,7.79,4.01,70.73,19.26,423.37,RISQUE
3190,2026-06-04 19:45:57.000000,3468.01,98.13,185,2.28,2.85,40.19,26.88,380.68,PANNE
3191,2026-06-04 19:45:57.000000,2780.73,80.03,186,7.97,5.53,38.36,38.88,398.22,PANNE
3192,2026-06-04 19:45:57.000000,2737.56,72.73,179,2.74,2.67,80.83,51.67,407.56,OK
3193,2026-06-04 19:45:57.000000,2243.6,61.9,172,2.63,4.86,34.48,42.71,372.86,OK
3194,2026-06-04 19:45:57.000000,2994.75,85.25,159,3.7,3.77,69.74,22.42,385.31,RISQUE
3195,2026-06-04 19:45:57.000000,3353.57,63.07,171,0.26,3.37,47.8,42.95,394.31,OK
3196,2026-06-04 19:45:57.000000,963.68,69.02,157,5.96,4.59,78.18,32.98,423.35,OK
3197,2026-06-04 19:45:57.000000,2243.11,115.01,163,7.79,2.76,55.59,43.71,375.49,PANNE
3198,2026-06-04 19:45:57.000000,738.58,62.96,186,6.75,2.69,69.96,55.72,404.43,RISQUE
3199,2026-06-04 19:45:57.000000,3165.79,72.35,187,0.17,4.09,32.47,57.55,407.89,OK
3200,2026-06-04 19:45:57.000000,3125.96,41.45,187,2.68,5.57,75.93,44.28,377.92,OK
3201,2026-06-04 19:45:57.000000,2054.29,121.17,187,0.03,4.31,47.75,14.82,405.65,RISQUE
3202,2026-06-04 19:45:57.000000,3465.57,46.09,174,4.86,4.33,82.09,57.25,377.24,OK
3203,2026-06-04 19:45:57.000000,545.83,73.65,168,5.53,5.59,85.9,35.21,413.56,OK
3204,2026-06-04 19:45:57.000000,3191.24,49.22,159,7.94,3.38,30.21,19.34,425.4,RISQUE
3205,2026-06-04 19:45:57.000000,2700.89,67.97,176,5.71,5.26,62.96,49.5,388.1,OK
3206,2026-06-04 19:45:57.000000,1622.81,48.32,185,2.48,2.57,79.87,50.57,403.84,OK
3207,2026-06-04 19:45:57.000000,2960.86,62.1,183,4.44,5.79,57.67,11.51,416.05,OK
3208,2026-06-04 19:45:57.000000,2239.95,86.58,175,9.13,6.13,53.55,34.14,384.19,PANNE
3209,2026-06-04 19:45:57.000000,2982.38,68.84,166,9.75,3.95,31.83,59.0,418.51,RISQUE
3210,2026-06-04 19:45:57.000000,1553.25,74.51,158,1.67,5.91,54.29,44.06,381.48,OK
3211,2026-06-04 19:45:57.000000,1027.55,99.21,170,9.97,4.3,48.39,17.67,420.83,PANNE
3212,2026-06-04 19:45:57.000000,574.69,40.92,176,0.55,3.01,80.39,39.79,397.59,OK
3213,2026-06-04 19:45:57.000000,741.33,91.74,183,6.42,6.84,84.73,42.92,403.34,RISQUE
3214,2026-06-04 19:45:57.000000,3223.92,109.58,175,8.21,3.92,57.17,15.7,382.68,PANNE
3215,2026-06-04 19:45:57.000000,979.48,55.11,177,6.66,6.25,44.96,44.93,414.68,RISQUE
3216,2026-06-04 19:45:57.000000,2401.18,84.01,182,5.67,6.68,88.57,13.7,396.49,RISQUE
3217,2026-06-04 19:45:57.000000,681.98,52.84,164,3.4,4.6,64.86,27.18,428.47,OK
3218,2026-06-04 19:45:57.000000,2997.79,45.48,163,7.52,3.31,33.17,33.96,384.26,RISQUE
3219,2026-06-04 19:45:57.000000,1193.18,45.59,173,7.36,6.94,74.09,45.4,390.14,RISQUE
3220,2026-06-04 19:45:57.000000,936.55,64.79,184,8.68,6.52,84.95,53.36,405.31,RISQUE
3221,2026-06-04 19:45:57.000000,1838.52,83.89,165,6.47,6.49,62.9,12.38,405.55,RISQUE
3222,2026-06-04 19:45:57.000000,2039.25,43.81,174,2.8,6.29,57.17,44.48,375.37,OK
3223,2026-06-04 19:45:57.000000,1262.34,72.41,161,8.4,4.18,69.46,59.11,426.32,RISQUE
3224,2026-06-04 19:45:57.000000,1254.86,135.55,181,5.92,3.03,45.23,42.56,399.67,RISQUE
3225,2026-06-04 19:45:57.000000,2420.55,69.75,165,9.7,6.64,73.85,53.51,379.51,RISQUE
3226,2026-06-04 19:45:57.000000,651.47,57.07,158,9.72,5.55,67.93,11.59,385.71,RISQUE
3227,2026-06-04 19:45:57.000000,2920.82,89.66,157,5.85,4.53,76.41,27.5,395.78,RISQUE
3228,2026-06-04 19:45:57.000000,670.37,43.29,161,0.37,2.08,87.86,48.81,429.3,OK
3229,2026-06-04 19:45:57.000000,2869.73,88.1,157,7.35,3.52,49.13,44.01,396.67,PANNE
3230,2026-06-04 19:45:57.000000,1615.91,42.47,181,6.75,3.28,45.57,36.39,421.61,RISQUE
3231,2026-06-04 19:45:57.000000,3244.79,88.06,162,3.65,2.41,48.63,25.44,406.78,RISQUE
3232,2026-06-04 19:45:57.000000,1003.04,111.16,176,0.01,4.52,60.83,12.93,415.08,RISQUE
3233,2026-06-04 19:45:57.000000,2335.4,43.14,174,8.23,3.41,86.23,52.07,393.74,RISQUE
3234,2026-06-04 19:45:57.000000,2782.99,69.26,160,6.1,5.85,30.85,48.19,416.58,RISQUE
3235,2026-06-04 19:45:57.000000,1017.95,93.35,164,8.6,5.92,50.3,27.0,411.1,RISQUE
3236,2026-06-04 19:45:57.000000,864.3,58.58,159,2.14,5.52,82.88,24.64,419.21,OK
3237,2026-06-04 19:45:57.000000,953.26,82.58,172,3.68,3.94,80.18,10.84,404.51,OK
3238,2026-06-04 19:45:57.000000,2089.08,76.24,157,9.31,2.32,61.7,32.49,409.82,RISQUE
3239,2026-06-04 19:45:57.000000,1341.15,68.42,167,2.71,4.56,75.05,20.8,419.65,OK
3240,2026-06-04 19:45:57.000000,539.94,74.08,184,5.11,4.57,32.04,41.51,372.96,OK
3241,2026-06-04 19:45:57.000000,1405.46,136.06,157,8.04,2.58,40.15,34.83,428.54,PANNE
3242,2026-06-04 19:45:57.000000,1620.45,66.91,165,8.49,2.63,34.67,10.69,420.13,RISQUE
3243,2026-06-04 19:45:57.000000,2790.69,96.32,180,3.7,4.79,70.99,47.02,409.14,PANNE
3244,2026-06-04 19:45:57.000000,3239.17,70.29,181,2.93,5.64,75.38,39.98,413.77,OK
3245,2026-06-04 19:45:57.000000,1465.32,57.69,164,2.82,4.23,52.79,38.17,410.66,OK
3246,2026-06-04 19:45:57.000000,648.15,97.66,158,5.98,6.21,55.1,38.2,403.9,RISQUE
3247,2026-06-04 19:45:57.000000,2167.55,51.91,172,8.86,5.81,39.4,34.71,370.07,RISQUE
3248,2026-06-04 19:45:57.000000,1792.15,128.88,164,9.88,5.24,46.45,31.38,388.97,PANNE
3249,2026-06-04 19:45:57.000000,807.26,66.41,164,5.31,3.75,39.24,46.04,378.53,OK
3250,2026-06-04 19:45:57.000000,1847.08,41.24,183,1.52,4.07,66.92,51.66,389.23,OK
3251,2026-06-04 19:45:57.000000,1513.33,92.31,158,8.43,3.0,58.56,48.87,397.52,RISQUE
3252,2026-06-04 19:45:57.000000,3123.17,78.2,171,5.07,6.56,32.21,32.48,378.27,OK
3253,2026-06-04 19:45:57.000000,647.45,77.27,157,4.51,2.53,40.84,39.18,392.58,OK
3254,2026-06-04 19:45:57.000000,2055.96,64.27,169,7.73,3.55,44.02,21.81,398.79,RISQUE
3255,2026-06-04 19:45:57.000000,2636.28,105.71,175,1.32,4.63,43.84,38.82,381.39,PANNE
3256,2026-06-04 19:45:57.000000,1095.52,53.25,157,9.99,3.99,89.43,48.04,419.97,RISQUE
3257,2026-06-04 19:45:57.000000,658.36,50.33,157,4.89,3.43,87.95,58.46,426.93,OK
3258,2026-06-04 19:45:57.000000,1444.03,90.96,183,9.29,5.5,72.84,33.48,382.37,RISQUE
3259,2026-06-04 19:45:57.000000,619.45,52.18,165,2.85,3.54,70.82,34.01,391.57,OK
3260,2026-06-04 19:45:57.000000,2646.68,70.37,177,3.0,3.77,82.38,25.05,423.13,OK
3261,2026-06-04 19:45:57.000000,737.0,56.4,177,1.65,4.94,56.87,33.68,371.43,OK
3262,2026-06-04 19:45:57.000000,1667.21,99.65,177,9.98,6.12,37.59,18.0,395.22,PANNE
3263,2026-06-04 19:45:57.000000,1330.14,50.12,163,6.25,3.47,65.63,14.41,409.57,RISQUE
3264,2026-06-04 19:45:57.000000,1106.16,46.11,175,5.52,2.77,36.68,14.8,378.79,OK
3265,2026-06-04 19:45:57.000000,2865.18,46.06,181,4.87,2.36,83.75,23.24,408.16,OK
3266,2026-06-04 19:45:57.000000,1677.66,43.55,176,6.97,3.53,56.27,23.63,372.97,RISQUE
3267,2026-06-04 19:45:57.000000,3060.94,43.78,167,9.85,3.82,81.65,20.74,399.49,RISQUE
3268,2026-06-04 19:45:57.000000,2193.49,53.99,166,7.73,2.87,62.82,20.72,395.88,RISQUE
3269,2026-06-04 19:45:57.000000,579.02,70.82,168,8.2,2.1,68.66,17.96,421.79,RISQUE
3270,2026-06-04 19:45:57.000000,2398.34,50.41,164,3.83,2.08,86.05,41.05,388.13,OK
3271,2026-06-04 19:45:57.000000,3363.46,54.48,179,6.86,4.84,76.91,20.23,410.65,RISQUE
3272,2026-06-04 19:45:57.000000,717.06,79.65,178,3.88,5.62,57.36,15.38,380.21,OK
3273,2026-06-04 19:45:57.000000,2219.97,112.59,182,9.23,6.46,71.74,50.01,424.86,PANNE
3274,2026-06-04 19:45:57.000000,1976.54,69.26,162,2.66,6.27,58.2,49.46,402.15,OK
3275,2026-06-04 19:45:57.000000,1336.6,59.67,168,9.19,5.79,31.91,54.32,390.18,RISQUE
3276,2026-06-04 19:45:57.000000,2859.72,66.12,166,9.74,4.54,67.3,39.15,372.97,RISQUE
3277,2026-06-04 19:45:57.000000,762.18,44.2,166,1.22,3.74,52.49,51.47,371.34,OK
3278,2026-06-04 19:45:57.000000,3293.12,47.95,167,0.59,4.51,50.12,18.45,420.35,OK
3279,2026-06-04 19:45:57.000000,2201.79,130.62,171,5.4,6.99,52.22,52.89,380.66,PANNE
3280,2026-06-04 19:45:57.000000,1976.39,89.41,177,0.5,5.86,72.47,21.28,370.25,OK
3281,2026-06-04 19:45:57.000000,2359.76,49.74,159,3.69,6.92,78.94,16.26,380.71,OK
3282,2026-06-04 19:45:57.000000,767.56,43.48,182,1.85,5.29,73.89,44.29,384.06,OK
3283,2026-06-04 19:45:57.000000,1947.03,67.36,161,3.6,3.75,70.56,26.37,406.54,OK
3284,2026-06-04 19:45:57.000000,3432.74,54.33,161,8.13,2.66,43.17,45.13,421.26,RISQUE
3285,2026-06-04 19:45:57.000000,2553.46,56.03,172,2.2,2.24,64.9,48.12,374.04,OK
3286,2026-06-04 19:45:57.000000,2450.15,88.49,186,9.76,6.66,73.84,52.88,375.73,PANNE
3287,2026-06-04 19:45:57.000000,781.54,84.95,164,7.26,3.75,64.52,51.18,393.55,RISQUE
3288,2026-06-04 19:45:57.000000,1998.2,74.72,157,8.93,6.84,39.63,54.91,370.6,RISQUE
3289,2026-06-04 19:45:57.000000,1618.97,43.66,184,5.91,6.17,53.83,34.22,383.82,OK
3290,2026-06-04 19:45:57.000000,1319.78,86.53,167,3.87,2.59,55.46,48.5,404.59,OK
3291,2026-06-04 19:45:57.000000,3033.98,68.97,173,0.51,5.6,56.73,13.46,370.57,OK
3292,2026-06-04 19:45:57.000000,2697.86,95.36,186,3.6,5.0,85.43,50.86,388.9,PANNE
3293,2026-06-04 19:45:57.000000,1528.2,76.93,183,9.44,5.45,67.36,12.04,390.18,RISQUE
3294,2026-06-04 19:45:57.000000,3470.17,82.66,162,5.51,5.93,46.52,10.98,386.33,RISQUE
3295,2026-06-04 19:45:57.000000,2709.36,59.99,169,1.83,5.53,88.92,49.55,370.56,OK
3296,2026-06-04 19:45:57.000000,1155.03,50.1,174,3.34,2.08,34.4,26.08,393.28,OK
3297,2026-06-04 19:45:57.000000,2920.53,123.86,182,2.45,6.02,47.34,11.51,387.05,PANNE
3298,2026-06-04 19:45:57.000000,2362.51,79.61,160,1.34,6.03,67.59,45.81,412.08,OK
3299,2026-06-04 19:45:57.000000,3458.96,99.43,159,0.17,2.62,64.44,34.76,415.25,PANNE
3300,2026-06-04 19:45:57.000000,515.45,83.42,186,5.12,4.73,41.78,27.09,377.17,OK
3301,2026-06-04 19:45:57.000000,2309.47,44.65,174,6.67,4.63,67.81,38.58,428.08,RISQUE
3302,2026-06-04 19:45:57.000000,1454.61,41.87,168,4.51,3.49,38.33,50.0,405.01,OK
3303,2026-06-04 19:45:57.000000,2902.35,67.26,158,9.6,3.98,36.01,25.67,386.0,RISQUE
3304,2026-06-04 19:45:57.000000,2257.81,68.65,173,7.81,2.73,53.13,34.55,387.91,RISQUE
3305,2026-06-04 19:45:57.000000,2979.46,54.06,160,0.78,6.56,49.4,54.11,396.43,OK
3306,2026-06-04 19:45:57.000000,1773.67,78.7,174,2.2,6.14,58.74,55.56,377.15,OK
3307,2026-06-04 19:45:57.000000,2604.33,93.91,168,4.21,6.99,73.89,43.08,376.81,RISQUE
3308,2026-06-04 19:45:57.000000,2826.68,85.42,183,0.65,7.0,78.0,10.13,406.76,RISQUE
3309,2026-06-04 19:45:57.000000,1970.93,61.1,175,8.69,6.37,75.85,19.9,411.86,RISQUE
3310,2026-06-04 19:45:57.000000,1000.24,97.98,175,1.37,2.92,60.73,10.36,399.96,RISQUE
3311,2026-06-04 19:45:57.000000,2176.26,50.53,172,0.04,3.71,72.18,34.31,389.32,OK
3312,2026-06-04 19:45:57.000000,1840.92,44.06,169,9.3,3.55,75.67,53.73,375.37,RISQUE
3313,2026-06-04 19:45:57.000000,1730.93,51.35,158,2.0,5.85,44.81,56.28,423.28,OK
3314,2026-06-04 19:45:57.000000,1004.34,65.15,173,9.54,3.33,58.14,37.29,389.35,RISQUE
3315,2026-06-04 19:45:57.000000,804.68,89.09,165,1.44,4.07,68.51,58.24,423.94,OK
3316,2026-06-04 19:45:57.000000,3331.49,86.96,182,6.74,4.7,70.78,48.84,420.7,PANNE
3317,2026-06-04 19:45:57.000000,2817.89,42.43,175,6.81,2.43,53.19,43.75,382.93,RISQUE
3318,2026-06-04 19:45:57.000000,1525.85,87.02,183,6.56,3.27,48.28,47.99,423.11,RISQUE
3319,2026-06-04 19:45:57.000000,3417.54,83.91,168,2.76,4.3,58.42,59.42,401.24,RISQUE
3320,2026-06-04 19:45:57.000000,2814.81,99.81,184,8.86,2.57,84.78,21.16,392.58,PANNE
3321,2026-06-04 19:45:57.000000,1953.33,66.91,157,4.04,4.83,66.9,28.98,373.17,OK
3322,2026-06-04 19:45:57.000000,2280.7,64.48,185,1.32,6.39,89.84,27.53,415.69,OK
3323,2026-06-04 19:45:57.000000,2418.05,75.86,180,5.07,5.09,63.97,58.91,381.57,OK
3324,2026-06-04 19:45:57.000000,2060.92,67.45,174,5.43,2.76,37.92,20.2,407.44,OK
3325,2026-06-04 19:45:57.000000,2369.55,65.61,183,1.95,2.53,86.77,30.59,383.24,OK
3326,2026-06-04 19:45:57.000000,603.25,77.99,159,3.23,4.56,65.4,30.74,388.23,OK
3327,2026-06-04 19:45:57.000000,2441.38,48.2,179,6.21,2.81,86.79,22.36,393.79,RISQUE
3328,2026-06-04 19:45:57.000000,585.93,81.39,162,9.34,4.93,37.76,54.35,372.79,RISQUE
3329,2026-06-04 19:45:57.000000,2496.46,68.91,169,1.59,6.0,61.34,20.59,399.52,OK
3330,2026-06-04 19:45:57.000000,2208.71,51.92,168,9.54,2.31,56.84,12.56,424.81,RISQUE
3331,2026-06-04 19:45:57.000000,2400.73,54.41,165,0.87,4.68,54.95,33.64,376.99,OK
3332,2026-06-04 19:45:57.000000,582.13,80.32,161,0.9,3.83,63.53,44.89,418.74,OK
3333,2026-06-04 19:45:57.000000,2813.59,108.46,187,2.22,5.98,48.6,18.26,423.74,PANNE
3334,2026-06-04 19:45:57.000000,2192.82,66.55,161,8.3,4.28,77.49,39.44,404.19,RISQUE
3335,2026-06-04 19:45:57.000000,1029.23,127.27,176,8.37,5.27,75.48,51.47,422.38,PANNE
3336,2026-06-04 19:45:57.000000,1621.09,71.14,172,5.33,4.72,37.31,58.84,401.08,OK
3337,2026-06-04 19:45:57.000000,2244.08,68.66,163,7.57,2.21,86.24,38.07,429.7,RISQUE
3338,2026-06-04 19:45:57.000000,1571.93,68.52,185,6.48,2.84,83.55,58.05,377.62,RISQUE
3339,2026-06-04 19:45:57.000000,2916.81,95.99,183,6.3,5.66,76.28,43.01,429.23,PANNE
3340,2026-06-04 19:45:57.000000,2686.92,41.66,170,5.21,4.08,61.02,26.9,378.36,OK
3341,2026-06-04 19:45:57.000000,3022.77,79.83,183,2.18,4.83,40.57,19.16,393.26,OK
3342,2026-06-04 19:45:57.000000,1243.61,72.51,177,8.01,3.32,84.78,48.73,378.02,RISQUE
3343,2026-06-04 19:45:57.000000,1832.89,92.37,158,3.66,4.48,53.16,31.98,372.42,OK
3344,2026-06-04 19:45:57.000000,2550.15,91.94,177,6.25,2.38,60.36,25.04,429.14,PANNE
3345,2026-06-04 19:45:57.000000,2107.34,76.01,183,9.78,3.41,58.66,37.09,386.54,RISQUE
3346,2026-06-04 19:45:57.000000,2215.16,44.29,185,5.37,6.84,43.69,21.92,400.42,OK
3347,2026-06-04 19:45:57.000000,3265.11,99.11,184,7.42,6.71,59.28,40.63,405.94,PANNE
3348,2026-06-04 19:45:57.000000,1858.77,43.81,158,9.79,4.68,74.59,15.38,388.51,RISQUE
3349,2026-06-04 19:45:57.000000,1058.7,47.74,183,3.51,2.97,85.15,10.67,388.55,OK
3350,2026-06-04 19:45:57.000000,1686.64,127.6,171,9.07,3.75,31.77,14.81,393.56,PANNE
3351,2026-06-04 19:45:57.000000,2656.85,61.79,160,9.6,5.23,50.75,49.65,425.67,RISQUE
3352,2026-06-04 19:45:57.000000,1832.25,49.53,182,5.06,2.98,57.85,46.59,386.01,OK
3353,2026-06-04 19:45:57.000000,2774.16,67.17,184,7.52,4.44,40.97,32.51,412.17,RISQUE
3354,2026-06-04 19:45:57.000000,617.19,49.91,171,4.52,2.71,51.14,26.87,407.8,OK
3355,2026-06-04 19:45:57.000000,2867.67,90.08,174,4.34,6.02,72.92,18.29,410.98,RISQUE
3356,2026-06-04 19:45:57.000000,1628.66,91.07,157,2.21,6.88,43.28,18.8,382.98,OK
3357,2026-06-04 19:45:57.000000,2700.21,69.49,173,4.55,2.38,30.79,51.93,379.23,OK
3358,2026-06-04 19:45:57.000000,1646.08,97.68,176,2.58,2.73,87.29,26.82,419.05,RISQUE
3359,2026-06-04 19:45:57.000000,2871.0,78.67,160,0.51,6.43,46.6,46.25,417.69,OK
3360,2026-06-04 19:45:57.000000,883.19,50.29,180,8.67,6.76,39.41,56.49,380.67,RISQUE
3361,2026-06-04 19:45:57.000000,1580.86,75.19,167,1.62,5.65,39.98,41.98,411.94,OK
3362,2026-06-04 19:45:57.000000,2974.7,139.93,164,1.29,2.86,58.41,52.52,419.89,PANNE
3363,2026-06-04 19:45:57.000000,1113.59,65.43,168,1.16,6.82,58.66,34.68,372.09,OK
3364,2026-06-04 19:45:57.000000,1485.68,42.35,187,4.66,3.73,49.77,40.53,373.89,OK
3365,2026-06-04 19:45:57.000000,3026.62,61.46,183,6.01,4.4,65.62,36.5,422.13,RISQUE
3366,2026-06-04 19:45:57.000000,1620.9,70.24,159,6.0,6.4,66.19,28.65,373.36,OK
3367,2026-06-04 19:45:57.000000,2517.47,88.43,169,0.97,4.34,33.14,52.76,377.16,RISQUE
3368,2026-06-04 19:45:57.000000,2279.26,94.85,175,7.39,6.57,51.2,11.25,373.91,PANNE
3369,2026-06-04 19:45:57.000000,1530.15,50.22,165,9.5,5.61,75.27,40.47,417.03,RISQUE
3370,2026-06-04 19:45:57.000000,1568.77,62.25,161,1.13,4.47,38.18,19.83,404.45,OK
3371,2026-06-04 19:45:57.000000,2346.16,84.66,182,3.78,2.23,35.75,27.03,394.95,RISQUE
3372,2026-06-04 19:45:57.000000,994.28,92.13,177,0.04,4.63,67.32,36.46,416.81,OK
3373,2026-06-04 19:45:57.000000,2419.54,56.01,179,9.99,2.37,52.47,42.51,377.66,RISQUE
3374,2026-06-04 19:45:57.000000,2271.43,80.77,159,8.37,4.08,64.01,39.34,384.0,PANNE
3375,2026-06-04 19:45:57.000000,677.78,64.98,168,4.23,6.69,55.02,23.69,377.04,OK
3376,2026-06-04 19:45:57.000000,2384.27,64.89,178,2.73,4.41,65.58,35.86,418.41,OK
3377,2026-06-04 19:45:57.000000,1214.5,91.95,186,3.98,3.39,41.48,16.24,373.0,OK
3378,2026-06-04 19:45:57.000000,3497.06,40.18,158,9.82,6.56,66.99,27.26,422.57,RISQUE
3379,2026-06-04 19:45:57.000000,1428.32,75.02,185,9.2,5.37,66.53,11.1,387.01,RISQUE
3380,2026-06-04 19:45:57.000000,1848.04,73.23,185,7.55,4.13,81.93,12.48,409.06,RISQUE
3381,2026-06-04 19:45:57.000000,2393.83,42.29,159,9.85,2.15,41.76,54.49,421.68,RISQUE
3382,2026-06-04 19:45:57.000000,1955.39,75.91,185,7.32,3.03,80.15,37.96,387.34,RISQUE
3383,2026-06-04 19:45:57.000000,1136.58,53.69,167,0.34,4.67,63.94,21.38,396.47,OK
3384,2026-06-04 19:45:57.000000,1137.76,134.25,184,4.94,6.16,70.94,55.65,401.05,RISQUE
3385,2026-06-04 19:45:57.000000,3117.19,75.32,171,7.13,6.73,65.64,16.55,422.36,RISQUE
3386,2026-06-04 19:45:57.000000,2419.0,66.73,186,1.94,2.25,70.06,19.46,426.56,OK
3387,2026-06-04 19:45:57.000000,3026.61,59.84,174,7.23,2.45,46.68,16.05,416.29,RISQUE
3388,2026-06-04 19:45:57.000000,1210.91,76.29,165,4.63,5.03,68.3,28.72,427.45,OK
3389,2026-06-04 19:45:57.000000,1142.74,71.24,159,7.28,7.0,78.78,13.29,423.43,RISQUE
3390,2026-06-04 19:45:57.000000,1292.04,74.55,160,7.28,6.25,33.97,48.98,411.98,RISQUE
3391,2026-06-04 19:45:57.000000,842.35,99.41,179,6.59,6.77,77.58,15.12,378.0,PANNE
3392,2026-06-04 19:45:57.000000,2737.49,94.56,173,5.45,4.43,77.55,35.36,379.47,RISQUE
3393,2026-06-04 19:45:57.000000,1366.86,93.41,162,4.33,3.5,42.16,15.57,426.96,OK
3394,2026-06-04 19:45:57.000000,1456.86,49.29,173,8.98,4.67,88.7,24.39,400.24,RISQUE
3395,2026-06-04 19:45:57.000000,1595.97,65.27,176,9.32,4.81,30.87,29.37,423.58,RISQUE
3396,2026-06-04 19:45:57.000000,2275.55,88.81,160,6.37,4.05,38.49,33.78,427.18,PANNE
3397,2026-06-04 19:45:57.000000,1338.38,40.61,185,3.51,6.59,62.2,56.45,372.08,OK
3398,2026-06-04 19:45:57.000000,1344.5,99.77,162,4.41,3.81,59.32,27.79,388.77,RISQUE
3399,2026-06-04 19:45:57.000000,1972.83,86.55,164,4.72,6.44,31.19,31.87,377.68,OK
3400,2026-06-04 19:45:57.000000,3377.67,50.66,169,9.97,2.53,62.62,29.88,391.43,RISQUE
3401,2026-06-04 19:45:57.000000,691.98,101.1,186,2.37,6.98,45.85,26.73,422.85,RISQUE
3402,2026-06-04 19:45:57.000000,1895.91,83.99,182,7.28,3.23,32.53,33.72,384.74,RISQUE
3403,2026-06-04 19:45:57.000000,580.8,134.35,159,5.59,5.56,83.26,25.0,420.21,RISQUE
3404,2026-06-04 19:45:57.000000,3428.59,109.65,163,1.58,6.3,79.37,36.85,382.99,PANNE
3405,2026-06-04 19:45:57.000000,3089.64,124.01,186,5.15,6.93,52.84,57.42,405.98,PANNE
3406,2026-06-04 19:45:57.000000,3325.3,40.84,173,6.46,4.03,35.28,21.22,421.47,RISQUE
3407,2026-06-04 19:45:57.000000,2927.15,93.67,183,9.95,4.75,75.77,18.26,402.21,PANNE
3408,2026-06-04 19:45:57.000000,2775.32,78.58,163,8.99,3.09,53.77,26.28,396.37,RISQUE
3409,2026-06-04 19:45:57.000000,1453.28,85.98,177,6.92,4.52,56.93,46.5,388.19,RISQUE
3410,2026-06-04 19:45:57.000000,1613.7,84.64,164,1.6,5.44,87.3,45.68,412.17,OK
3411,2026-06-04 19:45:57.000000,3381.82,79.36,175,8.51,3.86,48.48,31.18,381.65,RISQUE
3412,2026-06-04 19:45:57.000000,1839.98,90.55,162,6.51,6.57,66.92,26.81,420.12,RISQUE
3413,2026-06-04 19:45:57.000000,2529.14,69.77,177,1.49,5.59,38.3,37.01,387.13,OK
3414,2026-06-04 19:45:57.000000,2545.62,123.0,159,6.84,3.88,79.54,10.08,401.83,PANNE
3415,2026-06-04 19:45:57.000000,2043.64,76.07,172,8.68,5.98,52.34,33.8,385.8,RISQUE
3416,2026-06-04 19:45:57.000000,2016.73,58.46,164,1.44,3.01,64.47,23.46,407.37,OK
3417,2026-06-04 19:45:57.000000,1702.55,50.47,164,2.19,6.46,78.14,26.83,386.56,OK
3418,2026-06-04 19:45:57.000000,1912.47,79.41,177,3.98,4.9,72.22,48.95,417.04,OK
3419,2026-06-04 19:45:57.000000,1047.34,88.27,186,6.72,6.06,32.55,48.9,415.72,RISQUE
3420,2026-06-04 19:45:57.000000,1680.67,60.8,179,4.08,6.3,34.52,49.85,415.51,OK
3421,2026-06-04 19:45:57.000000,2785.78,85.49,175,9.86,5.21,45.23,27.14,427.16,PANNE
3422,2026-06-04 19:45:57.000000,1415.15,135.85,185,8.36,3.33,79.28,25.43,374.72,PANNE
3423,2026-06-04 19:45:57.000000,1491.02,89.37,164,2.47,3.21,58.4,41.92,416.31,OK
3424,2026-06-04 19:45:57.000000,2677.57,69.59,168,4.1,6.37,38.23,13.24,424.78,OK
3425,2026-06-04 19:45:57.000000,2681.13,60.69,168,0.84,3.19,86.18,58.45,372.17,OK
3426,2026-06-04 19:45:57.000000,661.76,94.83,163,0.45,2.31,40.56,44.69,426.47,OK
3427,2026-06-04 19:45:57.000000,1024.33,101.67,167,7.48,3.09,80.69,38.49,388.88,PANNE
3428,2026-06-04 19:45:57.000000,2903.92,75.54,177,3.41,3.5,58.84,35.07,373.92,OK
3429,2026-06-04 19:45:57.000000,794.09,102.66,158,2.9,2.79,85.08,15.83,419.75,RISQUE
3430,2026-06-04 19:45:57.000000,1132.92,111.96,160,1.58,2.79,48.94,15.2,404.39,RISQUE
3431,2026-06-04 19:45:57.000000,2089.51,51.84,181,7.61,3.08,77.58,25.97,383.07,RISQUE
3432,2026-06-04 19:45:57.000000,1758.81,43.36,182,8.46,6.85,48.92,43.24,392.67,RISQUE
3433,2026-06-04 19:45:57.000000,1538.7,79.22,184,7.9,6.55,40.88,18.81,390.21,RISQUE
3434,2026-06-04 19:45:57.000000,2869.5,97.36,161,3.45,3.77,73.9,39.98,418.15,PANNE
3435,2026-06-04 19:45:57.000000,2819.18,42.33,185,6.91,2.67,65.97,39.72,380.42,RISQUE
3436,2026-06-04 19:45:57.000000,3235.98,45.12,184,1.76,2.71,41.2,35.26,427.97,OK
3437,2026-06-04 19:45:57.000000,2669.92,116.0,179,4.17,6.57,48.96,52.04,385.33,PANNE
3438,2026-06-04 19:45:57.000000,850.15,125.07,161,7.03,2.83,73.07,14.64,388.62,PANNE
3439,2026-06-04 19:45:57.000000,3415.86,100.76,171,8.02,2.48,34.53,14.37,382.64,PANNE
3440,2026-06-04 19:45:57.000000,586.83,46.4,178,6.65,3.18,41.33,21.73,406.38,RISQUE
3441,2026-06-04 19:45:57.000000,3262.69,116.2,177,3.89,2.92,75.1,20.32,416.6,PANNE
3442,2026-06-04 19:45:57.000000,1698.15,72.73,159,5.42,4.57,86.55,18.52,371.49,OK
3443,2026-06-04 19:45:57.000000,3351.22,70.65,181,4.54,4.08,73.4,28.29,409.57,OK
3444,2026-06-04 19:45:57.000000,2234.74,43.44,187,6.33,4.16,45.45,59.66,381.59,RISQUE
3445,2026-06-04 19:45:57.000000,2590.74,52.97,173,5.12,4.34,78.47,41.66,414.53,OK
3446,2026-06-04 19:45:57.000000,1642.12,54.59,169,8.09,6.52,35.31,46.66,394.05,RISQUE
3447,2026-06-04 19:45:57.000000,1586.39,96.78,160,2.94,3.92,32.26,11.82,374.13,RISQUE
3448,2026-06-04 19:45:57.000000,3334.0,60.67,168,1.73,2.15,67.96,13.64,397.95,OK
3449,2026-06-04 19:45:57.000000,3404.57,94.67,160,6.4,3.47,63.24,54.31,416.11,PANNE
3450,2026-06-04 19:45:57.000000,1089.48,40.18,175,9.69,3.27,51.89,13.06,382.72,RISQUE
3451,2026-06-04 19:45:57.000000,3092.28,116.37,179,0.93,6.36,34.86,49.47,412.23,PANNE
3452,2026-06-04 19:45:57.000000,2923.9,70.36,168,7.63,3.94,69.36,15.68,405.99,RISQUE
3453,2026-06-04 19:45:57.000000,1537.73,50.11,159,9.71,6.09,40.58,31.39,406.58,RISQUE
3454,2026-06-04 19:45:57.000000,1464.09,43.74,170,3.27,5.34,51.87,50.8,429.19,OK
3455,2026-06-04 19:45:57.000000,738.35,69.44,172,1.89,5.54,88.24,46.52,414.41,OK
3456,2026-06-04 19:45:57.000000,2747.53,54.21,179,6.8,2.77,73.88,19.66,416.32,RISQUE
3457,2026-06-04 19:45:57.000000,2583.02,98.32,167,7.24,4.69,61.11,58.88,389.97,PANNE
3458,2026-06-04 19:45:57.000000,2393.06,79.94,167,1.59,6.52,32.59,35.14,393.08,OK
3459,2026-06-04 19:45:57.000000,2287.0,48.84,181,3.15,5.95,30.33,42.83,386.0,OK
3460,2026-06-04 19:45:57.000000,2242.03,130.88,173,5.87,2.98,42.83,34.16,416.48,PANNE
3461,2026-06-04 19:45:57.000000,527.56,85.49,187,2.22,2.42,75.22,35.78,389.06,OK
3462,2026-06-04 19:45:57.000000,2868.21,89.2,181,5.67,4.34,68.53,50.2,375.62,RISQUE
3463,2026-06-04 19:45:57.000000,3231.35,65.04,158,6.74,5.2,40.71,58.57,389.3,RISQUE
3464,2026-06-04 19:45:57.000000,1244.17,127.89,176,1.49,2.0,63.23,48.46,381.07,RISQUE
3465,2026-06-04 19:45:57.000000,670.12,74.52,187,6.95,3.52,55.89,22.42,426.86,RISQUE
3466,2026-06-04 19:45:57.000000,2398.19,53.23,181,1.72,6.8,46.94,36.68,419.27,OK
3467,2026-06-04 19:45:57.000000,539.1,92.67,183,1.65,5.93,56.0,50.5,414.99,OK
3468,2026-06-04 19:45:57.000000,1426.67,52.79,185,5.85,6.99,44.17,19.32,383.38,OK
3469,2026-06-04 19:45:57.000000,1080.39,61.58,173,3.49,2.83,76.78,30.11,410.34,OK
3470,2026-06-04 19:45:57.000000,3498.17,64.05,180,1.93,6.84,45.76,30.38,385.03,OK
3471,2026-06-04 19:45:57.000000,2387.94,113.59,166,1.27,5.74,51.46,37.24,409.09,PANNE
3472,2026-06-04 19:45:57.000000,2002.34,83.94,180,9.13,2.31,64.14,43.05,405.84,RISQUE
3473,2026-06-04 19:45:57.000000,766.31,98.48,180,6.72,2.47,57.34,59.75,406.48,PANNE
3474,2026-06-04 19:45:57.000000,2857.04,42.55,162,7.37,3.65,56.27,19.96,410.96,RISQUE
3475,2026-06-04 19:45:57.000000,2414.5,55.75,184,0.09,2.66,67.89,48.1,424.91,OK
3476,2026-06-04 19:45:57.000000,2985.34,61.35,161,5.41,3.09,58.05,44.18,370.95,OK
3477,2026-06-04 19:45:57.000000,1681.0,42.22,175,8.02,6.15,74.42,20.69,420.87,RISQUE
3478,2026-06-04 19:45:57.000000,1639.11,51.37,159,0.45,2.44,48.31,23.05,393.34,OK
3479,2026-06-04 19:45:57.000000,2345.59,86.96,183,0.33,3.59,59.52,35.28,373.13,RISQUE
3480,2026-06-04 19:45:57.000000,2567.47,43.64,169,1.73,5.98,57.83,56.48,385.42,OK
3481,2026-06-04 19:45:57.000000,627.41,46.16,173,7.5,5.12,82.04,33.31,413.73,RISQUE
3482,2026-06-04 19:45:57.000000,2096.24,60.62,171,1.14,6.86,61.34,44.66,423.95,OK
3483,2026-06-04 19:45:57.000000,815.95,90.79,159,9.08,3.13,54.36,27.55,402.21,RISQUE
3484,2026-06-04 19:45:57.000000,2899.4,123.52,182,2.35,5.87,40.15,36.07,375.99,PANNE
3485,2026-06-04 19:45:57.000000,3440.89,78.01,166,0.51,3.57,54.83,16.47,394.33,OK
3486,2026-06-04 19:45:57.000000,2718.7,90.05,178,1.91,5.68,36.36,26.14,387.77,RISQUE
3487,2026-06-04 19:45:57.000000,2781.03,74.82,175,1.9,5.34,76.33,52.8,427.79,OK
3488,2026-06-04 19:45:57.000000,3387.91,65.07,185,9.33,5.89,35.2,15.11,385.07,RISQUE
3489,2026-06-04 19:45:57.000000,2442.31,80.56,159,1.54,6.13,70.08,53.12,388.52,RISQUE
3490,2026-06-04 19:45:57.000000,1037.01,56.89,164,6.28,5.02,38.26,53.74,427.67,RISQUE
3491,2026-06-04 19:45:57.000000,1939.98,46.26,167,9.31,3.07,46.53,46.84,421.44,RISQUE
3492,2026-06-04 19:45:57.000000,635.22,73.52,177,7.11,4.11,88.44,40.27,376.27,RISQUE
3493,2026-06-04 19:45:57.000000,1158.71,69.13,180,9.13,6.54,77.95,23.62,427.86,RISQUE
3494,2026-06-04 19:45:57.000000,983.17,90.56,170,2.21,5.11,57.06,29.31,404.66,OK
3495,2026-06-04 19:45:57.000000,2459.61,80.42,164,2.04,2.29,70.99,21.96,378.81,RISQUE
3496,2026-06-04 19:45:57.000000,1353.74,56.26,185,2.04,2.83,42.85,38.78,384.14,OK
3497,2026-06-04 19:45:57.000000,1681.94,57.83,157,6.33,6.91,30.82,16.03,403.74,RISQUE
3498,2026-06-04 19:45:57.000000,2089.83,51.32,169,8.01,4.07,70.3,15.69,403.24,RISQUE
3499,2026-06-04 19:45:57.000000,2069.01,79.93,169,6.2,4.65,77.7,29.09,401.45,RISQUE
3500,2026-06-04 19:45:57.000000,1579.81,52.96,166,8.28,2.3,78.71,54.1,428.46,RISQUE
3501,2026-06-04 19:45:57.000000,1793.61,56.31,179,9.33,3.86,33.54,19.01,413.45,RISQUE
3502,2026-06-04 19:45:57.000000,1454.16,92.43,174,7.26,5.38,42.09,58.99,387.65,RISQUE
3503,2026-06-04 19:45:57.000000,1781.86,78.54,160,2.46,6.73,89.74,16.92,412.34,OK
3504,2026-06-04 19:45:57.000000,1859.12,86.45,171,2.98,2.65,75.16,28.8,407.31,OK
3505,2026-06-04 19:45:57.000000,1547.67,90.38,183,1.9,6.5,85.93,58.0,370.23,OK
3506,2026-06-04 19:45:57.000000,2813.27,81.1,159,6.91,2.71,67.98,47.08,418.53,PANNE
3507,2026-06-04 19:45:57.000000,820.03,44.91,178,1.65,4.52,31.58,40.95,370.99,OK
3508,2026-06-04 19:45:57.000000,3226.46,67.13,162,5.09,6.1,64.48,30.58,390.03,OK
3509,2026-06-04 19:45:57.000000,908.63,109.62,162,9.6,3.95,34.28,19.32,413.08,PANNE
3510,2026-06-04 19:45:57.000000,3055.42,89.11,161,8.93,6.54,81.56,38.72,387.62,PANNE
3511,2026-06-04 19:45:57.000000,1636.45,128.59,164,7.5,5.07,79.0,22.16,415.95,PANNE
3512,2026-06-04 19:45:57.000000,701.1,67.07,184,3.05,3.62,72.33,37.74,409.49,OK
3513,2026-06-04 19:45:57.000000,1908.63,46.84,169,8.35,5.82,48.95,24.39,399.49,RISQUE
3514,2026-06-04 19:45:57.000000,2884.35,47.96,177,3.77,4.51,52.47,28.44,413.22,OK
3515,2026-06-04 19:45:57.000000,2007.13,88.72,170,2.03,4.54,86.09,17.37,425.97,OK
3516,2026-06-04 19:45:57.000000,1949.72,67.8,158,3.31,3.04,32.65,39.87,421.29,OK
3517,2026-06-04 19:45:57.000000,1834.97,44.31,183,9.02,2.87,40.0,25.5,373.02,RISQUE
3518,2026-06-04 19:45:57.000000,3270.0,139.43,168,6.59,4.63,69.0,43.69,395.12,PANNE
3519,2026-06-04 19:45:57.000000,1577.43,65.72,182,8.67,3.28,70.57,40.77,372.92,RISQUE
3520,2026-06-04 19:45:57.000000,2499.84,138.9,172,4.16,2.39,38.63,34.25,429.6,PANNE
3521,2026-06-04 19:45:57.000000,1199.77,49.33,182,4.66,5.16,75.67,55.47,385.84,OK
3522,2026-06-04 19:45:57.000000,3424.81,69.72,161,6.46,3.52,65.04,10.34,386.94,RISQUE
3523,2026-06-04 19:45:57.000000,3073.27,97.71,181,6.33,4.95,33.11,34.45,387.4,PANNE
3524,2026-06-04 19:45:57.000000,894.63,51.69,172,7.81,4.54,42.06,33.96,417.56,RISQUE
3525,2026-06-04 19:45:57.000000,1630.08,68.19,157,7.69,5.59,46.69,21.93,391.5,RISQUE
3526,2026-06-04 19:45:57.000000,1286.23,82.36,176,9.56,6.96,35.73,35.01,382.85,RISQUE
3527,2026-06-04 19:45:57.000000,1335.99,127.2,181,3.53,6.65,65.19,17.24,427.89,RISQUE
3528,2026-06-04 19:45:57.000000,1147.78,82.05,162,7.71,3.05,73.96,11.74,428.59,RISQUE
3529,2026-06-04 19:45:57.000000,1806.78,97.11,174,6.11,5.75,84.97,26.54,424.32,PANNE
3530,2026-06-04 19:45:57.000000,3358.83,55.29,180,6.18,3.16,48.56,52.39,388.69,RISQUE
3531,2026-06-04 19:45:57.000000,1425.31,85.99,164,6.43,3.45,61.12,46.22,373.99,RISQUE
3532,2026-06-04 19:45:57.000000,682.08,41.83,177,1.66,5.24,74.39,47.84,403.86,OK
3533,2026-06-04 19:45:57.000000,1880.29,63.85,187,5.12,2.89,51.17,21.57,375.9,OK
3534,2026-06-04 19:45:57.000000,1122.5,85.18,173,2.61,5.4,67.15,12.78,395.24,OK
3535,2026-06-04 19:45:57.000000,3140.62,92.89,170,4.67,5.48,34.76,25.39,388.08,RISQUE
3536,2026-06-04 19:45:57.000000,1744.63,77.9,173,2.32,6.58,83.01,43.48,411.87,OK
3537,2026-06-04 19:45:57.000000,2302.01,66.73,187,9.99,2.96,87.91,22.42,390.82,RISQUE
3538,2026-06-04 19:45:57.000000,2325.81,83.49,166,5.2,5.86,48.24,20.09,375.86,RISQUE
3539,2026-06-04 19:45:57.000000,2360.11,73.43,179,5.93,2.52,74.69,30.49,418.85,OK
3540,2026-06-04 19:45:57.000000,2418.42,63.41,157,4.42,3.45,37.4,47.39,392.12,OK
3541,2026-06-04 19:45:57.000000,2425.62,62.65,181,5.11,5.14,66.54,18.01,428.43,OK
3542,2026-06-04 19:45:57.000000,2238.4,52.85,162,9.34,6.65,81.1,33.31,416.56,RISQUE
3543,2026-06-04 19:45:57.000000,2546.11,84.52,183,7.33,5.08,83.15,38.95,384.25,PANNE
3544,2026-06-04 19:45:57.000000,2374.88,44.55,180,7.83,2.21,81.7,19.06,389.26,RISQUE
3545,2026-06-04 19:45:57.000000,1950.68,52.52,176,4.79,6.72,46.98,39.16,374.03,OK
3546,2026-06-04 19:45:57.000000,1001.35,84.08,180,2.24,5.09,55.16,22.09,427.09,OK
3547,2026-06-04 19:45:57.000000,697.25,93.24,174,3.43,4.6,64.06,23.99,411.78,OK
3548,2026-06-04 19:45:57.000000,1613.03,65.04,186,9.77,5.86,85.66,26.16,419.98,RISQUE
3549,2026-06-04 19:45:57.000000,3100.78,70.01,179,0.84,6.1,80.94,49.2,392.4,OK
3550,2026-06-04 19:45:57.000000,551.56,58.8,174,6.76,3.64,66.58,13.3,400.05,RISQUE
3551,2026-06-04 19:45:57.000000,1855.54,48.5,165,6.21,5.76,83.71,21.02,394.96,RISQUE
3552,2026-06-04 19:45:57.000000,2535.93,60.26,157,8.74,3.67,32.89,21.94,372.95,RISQUE
3553,2026-06-04 19:45:57.000000,560.17,50.64,185,3.02,4.25,50.76,28.94,421.33,OK
3554,2026-06-04 19:45:57.000000,1537.26,54.84,185,6.16,2.2,51.46,43.29,385.36,RISQUE
3555,2026-06-04 19:45:57.000000,1426.63,76.13,181,8.35,3.24,74.12,56.64,397.48,RISQUE
3556,2026-06-04 19:45:57.000000,2286.55,93.83,175,9.03,5.64,85.89,33.67,404.36,PANNE
3557,2026-06-04 19:45:57.000000,1070.64,75.23,186,3.09,6.86,86.1,47.94,429.34,OK
3558,2026-06-04 19:45:57.000000,1376.57,78.95,173,5.39,6.1,59.17,58.39,392.83,OK
3559,2026-06-04 19:45:57.000000,1494.14,89.79,163,1.89,6.74,40.71,12.3,411.65,OK
3560,2026-06-04 19:45:57.000000,2872.52,75.81,157,2.68,6.85,32.47,24.92,392.08,OK
3561,2026-06-04 19:45:57.000000,764.88,94.14,157,3.21,3.7,74.46,44.1,381.23,OK
3562,2026-06-04 19:45:57.000000,3411.02,52.63,181,9.04,5.05,50.22,52.77,385.93,RISQUE
3563,2026-06-04 19:45:57.000000,2731.29,95.5,168,3.94,5.69,60.71,27.15,380.75,PANNE
3564,2026-06-04 19:45:57.000000,1364.96,53.16,185,4.54,4.04,70.37,17.11,411.57,OK
3565,2026-06-04 19:45:57.000000,1551.51,59.1,164,3.2,4.74,76.64,22.22,423.42,OK
3566,2026-06-04 19:45:57.000000,1781.44,74.21,168,5.7,4.85,38.15,58.58,397.02,OK
3567,2026-06-04 19:45:57.000000,2211.18,84.36,169,1.98,3.4,78.4,19.62,402.52,RISQUE
3568,2026-06-04 19:45:57.000000,3038.25,69.38,179,0.27,4.99,84.39,46.99,428.75,OK
3569,2026-06-04 19:45:57.000000,643.63,90.18,170,7.13,4.11,88.23,39.32,371.25,RISQUE
3570,2026-06-04 19:45:57.000000,1951.7,90.98,165,7.73,4.07,75.12,35.84,389.69,RISQUE
3571,2026-06-04 19:45:57.000000,1183.26,93.76,182,0.75,5.46,43.84,14.0,412.51,OK
3572,2026-06-04 19:45:57.000000,2963.84,82.37,178,7.51,3.45,41.72,15.41,427.29,PANNE
3573,2026-06-04 19:45:57.000000,1775.96,44.2,169,8.12,5.91,58.47,11.36,412.72,RISQUE
3574,2026-06-04 19:45:57.000000,3210.81,76.81,171,7.57,2.38,36.32,25.01,381.12,RISQUE
3575,2026-06-04 19:45:57.000000,1877.63,54.79,187,1.87,4.78,43.33,32.06,402.37,OK
3576,2026-06-04 19:45:57.000000,2812.69,62.12,165,1.95,5.32,73.9,43.39,378.67,OK
3577,2026-06-04 19:45:57.000000,642.16,90.82,181,6.14,6.63,77.21,17.89,395.7,RISQUE
3578,2026-06-04 19:45:57.000000,2797.73,78.81,183,9.19,3.49,73.75,47.7,404.97,RISQUE
3579,2026-06-04 19:45:57.000000,591.17,50.29,167,3.8,6.04,84.14,14.33,413.57,OK
3580,2026-06-04 19:45:57.000000,1463.27,77.44,172,7.98,2.12,73.88,39.1,412.95,RISQUE
3581,2026-06-04 19:45:57.000000,2299.9,82.43,177,6.35,3.87,87.94,45.31,408.06,PANNE
3582,2026-06-04 19:45:57.000000,893.81,54.59,159,5.62,4.08,53.52,45.68,393.5,OK
3583,2026-06-04 19:45:57.000000,2479.11,46.92,177,7.79,6.59,45.03,34.96,414.65,RISQUE
3584,2026-06-04 19:45:57.000000,3427.01,89.06,180,5.2,5.36,78.26,10.15,406.13,RISQUE
3585,2026-06-04 19:45:57.000000,1957.78,68.52,171,2.91,6.98,36.23,36.7,391.52,OK
3586,2026-06-04 19:45:57.000000,1627.88,128.23,180,7.63,5.43,38.37,42.07,417.27,PANNE
3587,2026-06-04 19:45:57.000000,2920.9,50.42,167,2.53,6.23,58.14,50.36,407.76,OK
3588,2026-06-04 19:45:57.000000,2586.84,77.51,173,6.64,3.18,41.04,20.67,400.92,RISQUE
3589,2026-06-04 19:45:57.000000,3464.59,52.96,170,9.69,6.39,59.2,49.88,401.71,RISQUE
3590,2026-06-04 19:45:57.000000,762.82,42.39,157,2.59,2.16,52.75,50.12,422.46,OK
3591,2026-06-04 19:45:57.000000,1770.41,54.56,176,0.26,6.29,42.6,33.9,415.61,OK
3592,2026-06-04 19:45:57.000000,1258.98,67.94,172,1.7,2.45,86.48,31.8,391.37,OK
3593,2026-06-04 19:45:57.000000,3411.4,80.06,176,8.43,3.52,89.26,11.41,380.68,PANNE
3594,2026-06-04 19:45:57.000000,2915.12,68.32,186,9.01,2.46,75.39,35.29,385.56,RISQUE
3595,2026-06-04 19:45:57.000000,3084.42,50.43,169,5.25,2.2,67.52,10.34,379.5,OK
3596,2026-06-04 19:45:57.000000,1924.09,50.86,170,5.59,3.86,40.97,49.9,396.46,OK
3597,2026-06-04 19:45:57.000000,2666.2,96.1,161,1.95,6.04,57.29,52.54,423.34,PANNE
3598,2026-06-04 19:45:57.000000,722.41,72.19,164,9.57,4.8,86.02,59.31,377.81,RISQUE
3599,2026-06-04 19:45:57.000000,2599.42,47.65,161,9.25,4.63,81.4,45.19,426.94,RISQUE
3600,2026-06-04 19:45:57.000000,1918.26,55.28,180,2.18,5.35,71.84,33.83,387.46,OK
3601,2026-06-04 19:45:57.000000,2096.15,94.61,180,4.69,5.75,50.53,33.06,386.75,OK
3602,2026-06-04 19:45:57.000000,1884.19,78.99,176,3.83,4.65,59.86,55.06,370.76,OK
3603,2026-06-04 19:45:57.000000,1456.49,45.61,176,1.74,6.56,32.4,33.16,381.75,OK
3604,2026-06-04 19:45:57.000000,1495.5,104.89,180,2.93,4.34,57.74,55.38,379.04,RISQUE
3605,2026-06-04 19:45:57.000000,2414.61,41.57,169,0.73,4.25,31.88,50.34,426.38,OK
3606,2026-06-04 19:45:57.000000,1901.88,58.01,168,9.86,4.63,70.3,49.08,423.55,RISQUE
3607,2026-06-04 19:45:57.000000,2007.71,97.08,167,9.51,3.23,52.86,18.23,410.83,PANNE
3608,2026-06-04 19:45:57.000000,2039.83,80.17,157,5.41,2.83,42.26,36.25,370.74,OK
3609,2026-06-04 19:45:57.000000,2212.11,55.64,165,6.81,5.46,54.87,59.92,414.92,RISQUE
3610,2026-06-04 19:45:57.000000,1988.75,97.09,159,9.18,2.49,74.54,30.73,420.75,PANNE
3611,2026-06-04 19:45:57.000000,1707.24,62.28,179,3.41,4.48,57.72,50.98,412.7,OK
3612,2026-06-04 19:45:57.000000,868.69,126.35,182,6.38,6.11,41.99,36.53,373.19,PANNE
3613,2026-06-04 19:45:57.000000,1429.51,72.68,180,0.98,4.8,60.29,52.26,412.71,OK
3614,2026-06-04 19:45:57.000000,3167.15,87.0,159,3.95,3.53,51.02,51.53,376.14,RISQUE
3615,2026-06-04 19:45:57.000000,2882.57,82.69,169,5.68,4.29,65.13,37.7,370.78,RISQUE
3616,2026-06-04 19:45:57.000000,2054.15,42.85,165,3.76,3.64,60.42,37.66,384.73,OK
3617,2026-06-04 19:45:57.000000,3223.06,97.78,172,8.72,5.19,64.37,57.51,371.96,PANNE
3618,2026-06-04 19:45:57.000000,2302.74,76.62,172,2.58,4.44,70.01,53.45,390.71,OK
3619,2026-06-04 19:45:57.000000,2781.53,107.58,173,2.34,6.45,74.58,12.38,370.56,PANNE
3620,2026-06-04 19:45:57.000000,3371.82,63.73,161,0.07,2.8,77.04,31.9,420.28,OK
3621,2026-06-04 19:45:57.000000,1624.95,97.09,184,3.11,4.15,43.09,50.01,390.8,RISQUE
3622,2026-06-04 19:45:57.000000,1156.04,93.48,162,0.71,5.49,46.65,24.66,408.04,OK
3623,2026-06-04 19:45:57.000000,2602.81,48.56,187,8.63,3.06,58.31,46.13,381.84,RISQUE
3624,2026-06-04 19:45:57.000000,2221.18,138.64,169,9.71,2.67,75.33,28.83,407.01,PANNE
3625,2026-06-04 19:45:57.000000,1576.23,58.52,177,4.05,6.73,61.18,47.9,383.9,OK
3626,2026-06-04 19:45:57.000000,3456.16,94.88,163,6.94,4.57,59.5,55.68,375.56,PANNE
3627,2026-06-04 19:45:57.000000,2372.4,53.32,160,1.22,5.68,48.91,28.37,423.52,OK
3628,2026-06-04 19:45:57.000000,1703.63,40.3,167,9.83,5.57,67.0,57.18,422.05,RISQUE
3629,2026-06-04 19:45:57.000000,3122.71,43.64,167,0.98,6.34,32.86,41.65,371.31,OK
3630,2026-06-04 19:45:57.000000,570.78,78.61,158,2.22,2.2,61.76,36.49,373.67,OK
3631,2026-06-04 19:45:57.000000,749.36,99.62,179,4.73,2.59,39.96,33.92,423.65,RISQUE
3632,2026-06-04 19:45:57.000000,510.21,45.71,182,5.89,6.67,84.21,45.76,421.93,OK
3633,2026-06-04 19:45:57.000000,3307.64,68.34,161,5.54,6.8,38.59,51.65,414.16,OK
3634,2026-06-04 19:45:57.000000,1042.67,51.23,163,0.62,5.85,69.49,59.2,426.72,OK
3635,2026-06-04 19:45:57.000000,3100.88,67.59,174,2.65,5.63,80.02,59.51,397.03,OK
3636,2026-06-04 19:45:57.000000,3443.38,75.08,180,2.75,4.16,49.87,28.11,419.05,OK
3637,2026-06-04 19:45:57.000000,3294.56,94.34,174,5.06,5.67,39.39,38.89,395.19,RISQUE
3638,2026-06-04 19:45:57.000000,3167.86,80.32,174,3.98,3.62,55.34,17.08,396.46,RISQUE
3639,2026-06-04 19:45:57.000000,3329.45,68.23,175,5.99,2.82,31.26,40.75,370.7,OK
3640,2026-06-04 19:45:57.000000,2379.2,89.14,177,7.62,6.65,51.75,11.21,371.99,PANNE
3641,2026-06-04 19:45:57.000000,1061.94,58.97,165,5.14,2.04,59.7,32.65,416.8,OK
3642,2026-06-04 19:45:57.000000,707.44,45.52,159,9.32,4.26,57.72,57.79,393.57,RISQUE
3643,2026-06-04 19:45:57.000000,1874.42,87.81,164,1.2,3.12,75.82,17.22,395.87,OK
3644,2026-06-04 19:45:57.000000,2058.43,83.11,163,1.31,2.49,35.86,19.68,410.47,OK
3645,2026-06-04 19:45:57.000000,1040.75,60.36,158,3.74,3.64,61.38,41.41,404.32,OK
3646,2026-06-04 19:45:57.000000,1227.18,50.65,169,4.14,3.7,57.68,24.29,372.67,OK
3647,2026-06-04 19:45:57.000000,641.88,48.24,159,6.18,6.75,83.52,40.6,393.02,RISQUE
3648,2026-06-04 19:45:57.000000,2984.43,61.17,167,5.53,3.4,74.31,52.72,373.39,OK
3649,2026-06-04 19:45:57.000000,3491.02,75.44,171,3.27,5.23,44.82,24.89,414.89,OK
3650,2026-06-04 19:45:57.000000,2335.42,45.11,185,6.76,4.72,71.79,52.39,378.98,RISQUE
3651,2026-06-04 19:45:57.000000,2178.89,91.45,163,0.81,5.63,53.4,48.51,410.83,OK
3652,2026-06-04 19:45:57.000000,2883.38,61.87,162,3.32,3.38,53.27,15.46,392.92,OK
3653,2026-06-04 19:45:57.000000,3248.7,52.53,182,6.41,4.29,51.83,32.34,378.55,RISQUE
3654,2026-06-04 19:45:57.000000,3178.47,85.72,182,6.06,3.76,86.24,41.68,391.38,PANNE
3655,2026-06-04 19:45:57.000000,2586.42,78.51,175,5.89,6.3,61.76,13.42,415.24,OK
3656,2026-06-04 19:45:57.000000,825.39,41.95,167,3.96,5.27,35.11,33.1,373.28,OK
3657,2026-06-04 19:45:57.000000,1931.8,73.81,185,8.51,6.11,63.34,25.7,424.18,RISQUE
3658,2026-06-04 19:45:57.000000,1446.5,52.22,160,6.61,3.79,78.53,58.46,395.18,RISQUE
3659,2026-06-04 19:45:57.000000,531.0,133.91,182,5.09,4.56,32.14,42.05,375.91,RISQUE
3660,2026-06-04 19:45:57.000000,2972.14,86.64,171,1.25,2.76,53.25,34.02,384.36,RISQUE
3661,2026-06-04 19:45:57.000000,1868.13,64.58,170,4.37,6.07,75.78,28.59,404.17,OK
3662,2026-06-04 19:45:57.000000,3071.42,58.08,187,9.29,2.38,65.47,46.39,421.94,RISQUE
3663,2026-06-04 19:45:57.000000,2247.75,51.42,183,0.56,4.66,59.77,54.1,425.31,OK
3664,2026-06-04 19:45:57.000000,3387.33,71.81,187,4.27,3.23,87.03,10.69,383.09,OK
3665,2026-06-04 19:45:57.000000,1032.75,67.2,183,8.48,5.54,89.59,52.18,384.28,RISQUE
3666,2026-06-04 19:45:57.000000,1612.13,87.29,173,7.6,5.43,39.25,45.55,375.57,RISQUE
3667,2026-06-04 19:45:57.000000,3181.72,74.86,157,8.55,4.98,54.62,23.3,375.94,RISQUE
3668,2026-06-04 19:45:57.000000,3026.55,73.7,180,6.84,6.46,54.57,28.56,407.63,RISQUE
3669,2026-06-04 19:45:57.000000,682.99,110.59,158,5.11,3.85,48.99,33.69,395.18,RISQUE
3670,2026-06-04 19:45:57.000000,2013.94,90.36,178,9.69,3.66,75.18,48.45,405.14,RISQUE
3671,2026-06-04 19:45:57.000000,709.97,47.89,179,7.59,4.91,68.28,32.1,387.77,RISQUE
3672,2026-06-04 19:45:57.000000,1763.36,73.05,158,6.27,6.35,58.2,47.01,387.47,RISQUE
3673,2026-06-04 19:45:57.000000,1737.13,70.21,178,7.96,5.71,49.52,29.93,371.02,RISQUE
3674,2026-06-04 19:45:57.000000,3211.85,98.16,160,7.95,3.33,86.46,55.42,413.16,PANNE
3675,2026-06-04 19:45:57.000000,1989.47,53.15,169,4.96,6.96,58.4,29.47,401.6,OK
3676,2026-06-04 19:45:57.000000,1521.93,75.87,164,0.13,2.22,40.57,47.59,383.85,OK
3677,2026-06-04 19:45:57.000000,2945.78,73.92,174,5.32,3.08,58.94,48.21,392.41,OK
3678,2026-06-04 19:45:57.000000,3392.47,85.81,184,9.49,6.27,55.34,37.47,398.83,PANNE
3679,2026-06-04 19:45:57.000000,964.71,98.48,162,0.03,4.75,74.46,12.75,373.15,RISQUE
3680,2026-06-04 19:45:57.000000,856.47,62.54,158,9.04,2.81,35.86,10.15,413.32,RISQUE
3681,2026-06-04 19:45:57.000000,1860.21,76.7,159,5.15,3.06,61.18,58.0,384.48,OK
3682,2026-06-04 19:45:57.000000,3349.86,54.91,180,6.32,3.54,68.75,25.23,405.16,RISQUE
3683,2026-06-04 19:45:57.000000,1892.34,120.12,168,8.12,5.33,83.95,34.75,416.63,PANNE
3684,2026-06-04 19:45:57.000000,2523.51,70.7,176,0.7,3.63,55.37,16.7,394.13,OK
3685,2026-06-04 19:45:57.000000,3423.76,76.19,165,1.59,6.35,82.45,48.01,380.74,OK
3686,2026-06-04 19:45:57.000000,1096.54,73.88,171,4.53,5.35,89.34,56.78,412.66,OK
3687,2026-06-04 19:45:57.000000,1624.75,55.25,187,7.31,4.65,57.5,45.04,377.73,RISQUE
3688,2026-06-04 19:45:57.000000,3494.21,84.22,163,3.58,5.97,83.83,15.21,419.73,RISQUE
3689,2026-06-04 19:45:57.000000,2947.46,86.54,184,0.98,2.21,84.72,31.86,397.0,RISQUE
3690,2026-06-04 19:45:57.000000,640.17,117.06,186,9.54,5.16,47.86,39.58,373.89,PANNE
3691,2026-06-04 19:45:57.000000,3106.66,98.39,167,5.86,3.61,81.41,25.76,370.35,PANNE
3692,2026-06-04 19:45:57.000000,854.62,72.55,162,1.5,3.98,61.56,32.21,408.6,OK
3693,2026-06-04 19:45:57.000000,1810.09,71.61,159,8.13,5.77,49.8,29.46,427.38,RISQUE
3694,2026-06-04 19:45:57.000000,2196.04,46.41,175,3.46,2.16,37.44,36.15,384.62,OK
3695,2026-06-04 19:45:57.000000,2573.2,89.91,180,9.68,5.84,86.0,28.2,371.19,PANNE
3696,2026-06-04 19:45:57.000000,1064.78,70.78,159,6.33,4.99,35.64,43.75,375.58,RISQUE
3697,2026-06-04 19:45:57.000000,872.01,60.9,170,0.52,6.45,47.62,49.89,376.45,OK
3698,2026-06-04 19:45:57.000000,2008.84,67.73,167,4.35,5.32,31.15,15.08,397.05,OK
3699,2026-06-04 19:45:57.000000,2759.63,84.9,177,0.31,6.47,52.6,20.09,422.75,RISQUE
3700,2026-06-04 19:45:57.000000,2878.89,53.07,187,9.85,4.72,76.13,20.52,414.72,RISQUE
3701,2026-06-04 19:45:57.000000,2754.59,64.88,171,8.92,3.03,51.05,16.89,408.22,RISQUE
3702,2026-06-04 19:45:57.000000,960.65,54.03,161,7.15,2.58,56.16,51.52,420.63,RISQUE
3703,2026-06-04 19:45:57.000000,2194.5,64.49,179,9.87,3.21,44.94,35.93,420.75,RISQUE
3704,2026-06-04 19:45:57.000000,2193.37,78.94,183,9.02,6.07,52.0,29.53,421.18,RISQUE
3705,2026-06-04 19:45:57.000000,2794.15,72.09,166,4.17,5.96,72.4,17.91,410.27,OK
3706,2026-06-04 19:45:57.000000,3120.09,81.89,161,0.83,5.97,73.47,21.93,371.15,RISQUE
3707,2026-06-04 19:45:57.000000,3099.44,41.85,161,1.94,3.85,45.86,20.74,386.83,OK
3708,2026-06-04 19:45:57.000000,1153.92,58.95,168,6.69,5.45,56.43,16.74,391.13,RISQUE
3709,2026-06-04 19:45:57.000000,619.97,133.05,182,7.21,4.43,45.8,53.04,400.85,PANNE
3710,2026-06-04 19:45:57.000000,503.6,88.66,179,7.08,4.67,63.0,17.32,374.94,RISQUE
3711,2026-06-04 19:45:57.000000,2971.57,61.18,166,5.31,2.91,49.2,12.62,388.15,OK
3712,2026-06-04 19:45:57.000000,1106.61,99.08,164,1.49,2.69,44.75,50.66,389.74,RISQUE
3713,2026-06-04 19:45:57.000000,2917.54,66.72,167,0.26,5.55,58.53,22.31,418.25,OK
3714,2026-06-04 19:45:57.000000,2678.71,66.33,165,6.56,2.51,62.54,30.26,393.93,RISQUE
3715,2026-06-04 19:45:57.000000,1154.61,90.7,174,4.86,5.89,55.56,49.97,413.1,OK
3716,2026-06-04 19:45:57.000000,630.2,85.31,177,4.21,6.88,66.87,17.3,423.18,OK
3717,2026-06-04 19:45:57.000000,1751.96,46.59,164,5.92,5.55,76.4,46.81,391.67,OK
3718,2026-06-04 19:45:57.000000,846.58,40.94,163,5.07,2.94,55.22,36.84,395.4,OK
3719,2026-06-04 19:45:57.000000,2557.51,90.91,157,7.93,6.54,39.85,14.74,428.88,PANNE
3720,2026-06-04 19:45:57.000000,3436.57,88.59,182,6.06,2.47,69.16,59.03,426.71,PANNE
3721,2026-06-04 19:45:57.000000,3426.86,42.11,186,7.2,5.35,41.75,58.32,384.69,RISQUE
3722,2026-06-04 19:45:57.000000,2265.33,65.5,176,0.3,3.92,79.82,60.0,400.51,OK
3723,2026-06-04 19:45:57.000000,1906.92,84.78,177,6.27,5.65,76.2,42.93,429.0,RISQUE
3724,2026-06-04 19:45:57.000000,1908.32,88.28,182,1.06,2.6,47.11,13.21,397.95,OK
3725,2026-06-04 19:45:57.000000,3138.43,115.5,172,2.35,4.67,88.04,21.69,386.05,PANNE
3726,2026-06-04 19:45:57.000000,2485.56,68.6,177,1.64,6.18,71.06,55.77,401.42,OK
3727,2026-06-04 19:45:57.000000,3364.17,68.29,160,6.52,3.97,31.14,55.52,399.7,RISQUE
3728,2026-06-04 19:45:57.000000,1948.69,83.5,186,8.9,2.01,50.42,44.77,397.35,RISQUE
3729,2026-06-04 19:45:57.000000,3148.21,88.28,180,1.72,3.05,62.13,12.37,407.81,RISQUE
3730,2026-06-04 19:45:57.000000,752.39,126.44,181,4.38,6.68,51.79,10.53,427.78,RISQUE
3731,2026-06-04 19:45:57.000000,879.47,111.29,165,7.86,4.75,53.36,24.95,389.58,PANNE
3732,2026-06-04 19:45:57.000000,2859.09,63.51,186,1.69,4.42,85.0,16.47,423.82,OK
3733,2026-06-04 19:45:57.000000,3148.81,88.78,161,0.97,6.19,83.91,58.9,381.65,RISQUE
3734,2026-06-04 19:45:57.000000,1507.55,53.44,167,6.71,3.75,73.91,40.57,421.68,RISQUE
3735,2026-06-04 19:45:57.000000,1799.52,57.05,177,8.87,2.68,31.22,44.64,394.15,RISQUE
3736,2026-06-04 19:45:57.000000,2505.27,80.29,166,2.98,4.43,62.03,20.62,397.61,RISQUE
3737,2026-06-04 19:45:57.000000,3494.08,67.47,178,9.3,5.27,59.07,32.9,420.22,RISQUE
3738,2026-06-04 19:45:57.000000,1470.13,65.6,161,6.97,4.57,58.95,53.41,423.6,RISQUE
3739,2026-06-04 19:45:57.000000,3356.05,71.05,168,4.31,3.5,42.47,16.92,374.11,OK
3740,2026-06-04 19:45:57.000000,658.99,61.08,177,6.84,3.31,45.58,35.53,416.43,RISQUE
3741,2026-06-04 19:45:57.000000,2368.63,52.71,163,1.61,6.68,41.91,19.19,389.42,OK
3742,2026-06-04 19:45:57.000000,2036.06,91.67,159,8.1,4.57,38.48,18.18,393.64,RISQUE
3743,2026-06-04 19:45:57.000000,2161.13,94.56,157,5.85,3.32,63.82,11.35,396.64,OK
3744,2026-06-04 19:45:57.000000,2867.16,95.37,186,6.39,6.14,43.58,42.25,402.79,PANNE
3745,2026-06-04 19:45:57.000000,2561.66,63.38,165,6.83,3.76,72.94,35.97,397.02,RISQUE
3746,2026-06-04 19:45:57.000000,1667.15,42.63,162,7.48,4.86,66.92,28.09,427.75,RISQUE
3747,2026-06-04 19:45:57.000000,3047.53,107.91,166,6.52,5.57,66.89,56.55,418.64,PANNE
3748,2026-06-04 19:45:57.000000,701.13,60.84,168,7.72,5.29,88.5,55.02,404.62,RISQUE
3749,2026-06-04 19:45:57.000000,2115.93,77.3,178,8.96,6.31,67.38,36.45,416.59,RISQUE
3750,2026-06-04 19:45:57.000000,700.78,58.9,177,9.17,3.92,40.04,44.28,425.59,RISQUE
3751,2026-06-04 19:45:57.000000,983.77,87.39,178,6.98,2.03,86.11,42.93,399.23,RISQUE
3752,2026-06-04 19:45:57.000000,3410.95,76.27,172,1.31,5.73,49.92,31.25,377.71,OK
3753,2026-06-04 19:45:57.000000,3257.7,66.14,185,6.36,4.11,42.22,47.58,378.79,RISQUE
3754,2026-06-04 19:45:57.000000,910.54,91.6,163,9.45,3.57,74.02,46.37,396.18,RISQUE
3755,2026-06-04 19:45:57.000000,3488.36,56.15,184,7.69,6.28,88.59,25.62,407.94,RISQUE
3756,2026-06-04 19:45:57.000000,634.43,81.9,180,9.39,4.79,88.68,20.68,378.02,RISQUE
3757,2026-06-04 19:45:57.000000,2563.8,40.12,180,4.31,2.45,39.47,35.95,377.31,OK
3758,2026-06-04 19:45:57.000000,2520.5,48.53,184,7.28,5.1,84.76,45.26,417.3,RISQUE
3759,2026-06-04 19:45:57.000000,1212.13,55.76,172,0.05,3.56,62.71,49.51,388.91,OK
3760,2026-06-04 19:45:57.000000,1163.6,52.1,175,1.99,3.65,33.21,23.89,383.7,OK
3761,2026-06-04 19:45:57.000000,3102.43,43.71,180,0.59,5.46,46.85,26.48,418.34,OK
3762,2026-06-04 19:45:57.000000,1055.1,118.13,158,5.65,3.36,69.68,34.6,398.58,RISQUE
3763,2026-06-04 19:45:57.000000,1308.23,53.18,171,3.59,6.93,81.26,25.66,370.19,OK
3764,2026-06-04 19:45:57.000000,513.46,66.56,174,0.3,2.69,65.75,38.39,373.05,OK
3765,2026-06-04 19:45:57.000000,3028.93,70.82,180,9.04,6.95,44.07,20.28,389.47,RISQUE
3766,2026-06-04 19:45:57.000000,2726.62,53.79,186,6.77,2.79,75.31,25.22,385.39,RISQUE
3767,2026-06-04 19:45:57.000000,1216.85,66.53,167,2.05,3.54,85.68,45.7,417.14,OK
3768,2026-06-04 19:45:57.000000,611.8,64.32,161,3.63,5.51,55.12,59.47,411.44,OK
3769,2026-06-04 19:45:57.000000,2164.97,41.42,178,6.69,5.39,52.99,54.14,385.87,RISQUE
3770,2026-06-04 19:45:57.000000,2569.02,42.99,172,2.24,2.26,65.14,48.67,376.6,OK
3771,2026-06-04 19:45:57.000000,3420.4,46.88,169,3.52,6.19,38.08,17.98,393.64,OK
3772,2026-06-04 19:45:57.000000,2364.58,105.98,170,6.59,4.15,40.53,39.29,394.15,PANNE
3773,2026-06-04 19:45:57.000000,554.0,80.4,166,0.3,2.47,52.9,41.31,429.14,OK
3774,2026-06-04 19:45:57.000000,646.42,72.6,180,7.99,6.24,80.51,43.3,418.28,RISQUE
3775,2026-06-04 19:45:57.000000,3464.74,85.11,168,1.75,6.55,31.66,30.34,427.06,RISQUE
3776,2026-06-04 19:45:57.000000,640.56,40.19,186,2.2,6.8,38.32,50.7,409.24,OK
3777,2026-06-04 19:45:57.000000,2213.77,52.23,171,9.39,6.9,35.26,34.79,382.93,RISQUE
3778,2026-06-04 19:45:57.000000,1620.07,49.33,165,1.67,5.57,34.21,20.43,419.94,OK
3779,2026-06-04 19:45:57.000000,1722.54,98.29,176,2.95,3.25,52.06,14.36,390.0,RISQUE
3780,2026-06-04 19:45:57.000000,2227.05,106.07,179,4.23,3.95,70.82,21.55,376.83,PANNE
3781,2026-06-04 19:45:57.000000,3074.57,100.68,163,2.4,5.12,54.27,17.39,401.53,PANNE
3782,2026-06-04 19:45:57.000000,2459.64,95.26,162,9.77,6.62,71.17,43.07,384.9,PANNE
3783,2026-06-04 19:45:57.000000,1390.73,59.23,180,0.42,3.6,58.52,30.78,409.13,OK
3784,2026-06-04 19:45:57.000000,2146.03,91.2,183,0.64,5.37,40.46,52.61,414.28,OK
3785,2026-06-04 19:45:57.000000,736.1,102.59,167,1.99,5.79,41.82,45.43,427.14,RISQUE
3786,2026-06-04 19:45:57.000000,3285.82,90.48,179,0.71,4.84,67.63,31.59,386.69,RISQUE
3787,2026-06-04 19:45:57.000000,1719.92,94.41,158,8.71,2.68,34.06,56.47,396.65,RISQUE
3788,2026-06-04 19:45:57.000000,564.42,70.88,187,7.92,6.47,35.67,49.53,410.16,RISQUE
3789,2026-06-04 19:45:57.000000,1638.5,99.51,157,9.7,5.57,69.32,16.84,413.08,PANNE
3790,2026-06-04 19:45:57.000000,2590.79,86.07,159,5.75,5.91,41.16,39.2,391.73,RISQUE
3791,2026-06-04 19:45:57.000000,2972.85,138.95,160,2.0,4.64,32.41,40.82,427.68,PANNE
3792,2026-06-04 19:45:57.000000,974.18,102.29,169,6.18,5.09,43.94,25.46,420.96,PANNE
3793,2026-06-04 19:45:57.000000,2585.53,44.22,180,1.59,5.55,34.36,21.66,426.9,OK
3794,2026-06-04 19:45:57.000000,2737.15,138.85,176,8.15,6.19,74.48,19.76,415.14,PANNE
3795,2026-06-04 19:45:57.000000,986.77,58.24,172,4.43,5.65,49.02,29.85,372.05,OK
3796,2026-06-04 19:45:57.000000,3165.73,115.22,166,3.02,6.21,48.4,10.33,376.76,PANNE
3797,2026-06-04 19:45:57.000000,3298.95,70.04,175,4.12,3.31,34.22,38.4,407.74,OK
3798,2026-06-04 19:45:57.000000,986.53,62.99,181,0.87,6.74,58.62,37.11,386.82,OK
3799,2026-06-04 19:45:57.000000,2450.12,47.02,175,7.24,5.34,40.21,52.29,413.12,RISQUE
3800,2026-06-04 19:45:57.000000,536.02,45.21,177,6.69,3.55,62.65,49.49,389.01,RISQUE
3801,2026-06-04 19:45:57.000000,972.59,46.93,173,2.68,6.33,61.54,11.57,404.79,OK
3802,2026-06-04 19:45:57.000000,3172.62,66.53,162,4.64,5.24,81.08,25.52,429.86,OK
3803,2026-06-04 19:45:57.000000,727.93,58.6,174,9.85,5.49,61.93,38.41,384.67,RISQUE
3804,2026-06-04 19:45:57.000000,3175.89,42.85,160,2.46,4.78,32.23,36.02,399.41,OK
3805,2026-06-04 19:45:57.000000,2619.09,130.86,166,2.18,6.85,41.63,13.04,413.38,PANNE
3806,2026-06-04 19:45:57.000000,1830.93,99.47,182,2.97,2.77,82.78,56.79,372.4,RISQUE
3807,2026-06-04 19:45:57.000000,1563.73,74.58,176,1.8,6.17,67.85,42.64,392.26,OK
3808,2026-06-04 19:45:57.000000,2493.84,58.75,161,9.16,4.94,41.58,19.98,395.11,RISQUE
3809,2026-06-04 19:45:57.000000,2399.38,43.85,164,8.77,4.43,77.92,36.79,386.95,RISQUE
3810,2026-06-04 19:45:57.000000,1376.48,50.12,170,7.02,5.17,33.85,30.92,423.96,RISQUE
3811,2026-06-04 19:45:57.000000,1549.23,88.48,177,4.76,3.66,44.08,18.75,380.26,OK
3812,2026-06-04 19:45:57.000000,2482.34,57.75,179,9.73,6.4,59.02,48.89,396.27,RISQUE
3813,2026-06-04 19:45:57.000000,903.42,44.8,184,3.13,2.8,81.68,51.34,403.01,OK
3814,2026-06-04 19:45:57.000000,3338.88,90.45,172,1.64,6.91,54.97,16.8,395.87,RISQUE
3815,2026-06-04 19:45:57.000000,942.07,56.65,158,4.88,6.99,61.74,42.44,409.4,OK
3816,2026-06-04 19:45:57.000000,3199.56,50.13,164,7.39,6.98,76.01,52.16,424.94,RISQUE
3817,2026-06-04 19:45:57.000000,3127.92,65.07,180,4.99,6.34,80.77,41.21,404.96,OK
3818,2026-06-04 19:45:57.000000,1251.58,41.15,164,1.67,2.41,84.53,24.96,416.15,OK
3819,2026-06-04 19:45:57.000000,1352.39,81.95,182,1.28,5.94,63.13,29.98,390.46,OK
3820,2026-06-04 19:45:57.000000,813.67,125.79,165,5.88,5.14,52.28,58.75,415.66,RISQUE
3821,2026-06-04 19:45:57.000000,3345.23,71.59,160,3.73,2.1,88.78,51.94,385.34,OK
3822,2026-06-04 19:45:57.000000,3285.77,79.23,172,7.01,5.59,59.49,25.04,371.78,RISQUE
3823,2026-06-04 19:45:57.000000,1982.02,55.29,162,3.23,2.67,72.11,15.31,395.51,OK
3824,2026-06-04 19:45:57.000000,1449.2,47.89,171,9.9,2.01,32.21,19.01,417.4,RISQUE
3825,2026-06-04 19:45:57.000000,1660.04,120.02,159,4.32,6.99,71.76,34.28,390.41,RISQUE
3826,2026-06-04 19:45:57.000000,945.63,126.75,169,7.36,3.18,88.33,17.6,420.64,PANNE
3827,2026-06-04 19:45:57.000000,3382.09,97.08,175,2.41,3.62,83.54,34.62,417.12,PANNE
3828,2026-06-04 19:45:57.000000,2808.99,77.55,171,0.32,6.26,39.84,23.18,419.56,OK
3829,2026-06-04 19:45:57.000000,1645.38,41.27,169,8.14,6.63,40.98,16.98,378.93,RISQUE
3830,2026-06-04 19:45:57.000000,1134.52,61.15,184,4.72,5.62,42.23,52.41,407.76,OK
3831,2026-06-04 19:45:57.000000,2236.48,62.01,165,2.43,4.4,70.42,56.29,406.5,OK
3832,2026-06-04 19:45:57.000000,2286.28,92.34,165,1.25,6.21,79.73,41.03,407.03,RISQUE
3833,2026-06-04 19:45:57.000000,2668.76,50.56,181,8.23,6.72,45.29,32.01,396.19,RISQUE
3834,2026-06-04 19:45:57.000000,543.25,78.69,180,1.7,6.04,61.81,21.31,402.41,OK
3835,2026-06-04 19:45:57.000000,1661.12,40.27,163,9.15,4.06,48.96,27.19,416.29,RISQUE
3836,2026-06-04 19:45:57.000000,1147.38,127.75,185,9.98,3.71,72.73,36.88,403.09,PANNE
3837,2026-06-04 19:45:57.000000,3052.68,61.09,167,6.73,6.05,32.11,47.18,406.77,RISQUE
3838,2026-06-04 19:45:57.000000,1353.17,87.13,168,3.53,6.56,60.2,48.97,393.18,OK
